station,PM2.5_mean,PM2.5_max,PM2.5_min,PM2.5_std,PM10_mean,PM10_max,PM10_min,NO2_mean,SO2_mean,CO_mean,O3_mean,AQI_mean,AQI_max,temp_mean_C_mean,precipitation_mm_sum,humidity_percent_mean,date
Anand Vihar,194.67741935483872,245.4,146.0,29.21349813216965,328.7870967741935,404.6,250.4,49.16129032258065,15.64516129032258,2.075483870967742,40.225806451612904,356.96774193548384,396,12.640967741935484,39.2,47.2383870967742,2019-01-01
Dwarka,159.19354838709677,209.0,104.0,28.177318721315206,275.2258064516129,355.0,197.0,41.096774193548384,12.806451612903226,1.7109677419354838,46.645161290322584,327.64516129032256,368,12.640967741935484,39.2,47.2383870967742,2019-01-01
ITO,164.58064516129033,207.0,114.0,27.83016851493883,274.5483870967742,343.0,183.0,41.70967741935484,12.258064516129032,1.7167741935483871,46.61290322580645,333.258064516129,366,12.640967741935484,39.2,47.2383870967742,2019-01-01
Lodhi Road,137.88709677419354,170.9,96.55,21.27663024596836,233.84516129032258,282.7,158.05,36.58064516129032,10.67741935483871,1.4022580645161289,53.774193548387096,306.19354838709677,339,12.640967741935484,39.2,47.2383870967742,2019-01-01
Punjabi Bagh,165.0,204.0,119.0,25.40209965075066,276.0967741935484,352.0,207.0,43.483870967741936,13.0,1.7780645161290323,49.0,334.0,364,12.640967741935484,39.2,47.2383870967742,2019-01-01
RK Puram,163.16129032258064,211.0,104.0,27.442177724801102,273.51612903225805,338.0,187.0,43.16129032258065,13.129032258064516,1.7906451612903225,48.29032258064516,330.83870967741933,370,12.640967741935484,39.2,47.2383870967742,2019-01-01
Anand Vihar,184.72857142857143,225.8,132.2,26.889800587980858,308.0214285714286,374.8,231.6,47.857142857142854,14.0,1.9417857142857144,42.464285714285715,349.2857142857143,381,15.262500000000001,23.009999999999998,52.275357142857146,2019-02-01
Dwarka,156.78571428571428,205.0,122.0,21.157884692380865,259.7142857142857,346.0,192.0,40.857142857142854,12.285714285714286,1.7307142857142856,48.464285714285715,327.7857142857143,365,15.262500000000001,23.009999999999998,52.275357142857146,2019-02-01
ITO,154.67857142857142,193.0,103.0,23.532567773869175,265.0357142857143,342.0,209.0,41.285714285714285,12.607142857142858,1.649642857142857,52.107142857142854,323.0,356,15.262500000000001,23.009999999999998,52.275357142857146,2019-02-01
Lodhi Road,130.44464285714284,186.15,86.0,25.625458764766766,223.12678571428572,297.1,176.55,34.57142857142857,10.428571428571429,1.3846428571428573,51.892857142857146,291.42857142857144,350,15.262500000000001,23.009999999999998,52.275357142857146,2019-02-01
Punjabi Bagh,154.60714285714286,200.0,122.0,22.70640191291187,265.5,340.0,195.0,39.357142857142854,12.142857142857142,1.7028571428571428,50.607142857142854,326.14285714285717,361,15.262500000000001,23.009999999999998,52.275357142857146,2019-02-01
RK Puram,153.46428571428572,199.0,109.0,25.285747914962837,260.32142857142856,327.0,177.0,39.607142857142854,12.321428571428571,1.6339285714285714,49.035714285714285,323.7142857142857,360,15.262500000000001,23.009999999999998,52.275357142857146,2019-02-01
Anand Vihar,124.89032258064516,178.4,72.2,24.866193313261142,215.8709677419355,304.0,143.4,33.38709677419355,9.870967741935484,1.3258064516129033,53.58064516129032,283.38709677419354,344,21.080967741935485,9.91,40.43451612903226,2019-03-01
Dwarka,105.06451612903226,147.0,67.0,24.385700022582864,185.96774193548387,253.0,117.0,28.032258064516128,8.774193548387096,1.1161290322580646,61.064516129032256,238.0,320,21.080967741935485,9.91,40.43451612903226,2019-03-01
ITO,102.90322580645162,152.0,65.0,23.670452521670246,180.67741935483872,252.0,128.0,26.612903225806452,8.258064516129032,1.207741935483871,58.03225806451613,235.25806451612902,324,21.080967741935485,9.91,40.43451612903226,2019-03-01
Lodhi Road,88.66290322580646,132.45,55.8,18.186730362831096,149.51612903225808,204.8,97.25,23.06451612903226,8.129032258064516,1.0,63.645161290322584,194.25806451612902,309,21.080967741935485,9.91,40.43451612903226,2019-03-01
Punjabi Bagh,107.16129032258064,152.0,73.0,19.10339720956031,175.0,258.0,122.0,30.161290322580644,8.806451612903226,1.0670967741935484,57.58064516129032,249.09677419354838,324,21.080967741935485,9.91,40.43451612903226,2019-03-01
RK Puram,111.38709677419355,153.0,63.0,23.084883104685396,180.61290322580646,238.0,123.0,29.774193548387096,8.387096774193548,1.2519354838709678,56.25806451612903,256.4516129032258,325,21.080967741935485,9.91,40.43451612903226,2019-03-01
Anand Vihar,127.98666666666666,174.0,89.0,24.294454217930618,214.86666666666667,273.4,150.4,32.53333333333333,10.166666666666666,1.3906666666666667,53.8,290.1666666666667,341,30.651666666666664,17.57,29.037666666666667,2019-04-01
Dwarka,109.76666666666667,154.0,65.0,21.4744167490678,178.2,223.0,125.0,29.466666666666665,9.1,1.2206666666666666,57.4,254.76666666666668,326,30.651666666666664,17.57,29.037666666666667,2019-04-01
ITO,103.1,140.0,59.0,22.368928573296515,179.8,260.0,125.0,29.5,7.7,1.1030000000000002,57.266666666666666,236.66666666666666,315,30.651666666666664,17.57,29.037666666666667,2019-04-01
Lodhi Road,87.62666666666668,121.45,52.3,21.85510172166599,155.09166666666667,206.65,100.2,22.966666666666665,7.266666666666667,1.0313333333333334,60.63333333333333,192.83333333333334,301,30.651666666666664,17.57,29.037666666666667,2019-04-01
Punjabi Bagh,106.2,140.0,64.0,21.937843228477167,181.96666666666667,246.0,120.0,28.166666666666668,7.966666666666667,1.231,57.233333333333334,245.9,315,30.651666666666664,17.57,29.037666666666667,2019-04-01
RK Puram,105.26666666666667,135.0,69.0,19.438556306072933,181.86666666666667,249.0,117.0,26.766666666666666,8.5,1.0996666666666668,60.43333333333333,243.86666666666667,311,30.651666666666664,17.57,29.037666666666667,2019-04-01
Anand Vihar,123.89032258064516,184.6,73.6,27.143020647902713,226.81935483870967,294.2,176.8,33.645161290322584,9.838709677419354,1.3090322580645162,58.03225806451613,280.48387096774195,349,33.56516129032258,27.1,25.831935483870968,2019-05-01
Dwarka,102.61290322580645,137.0,68.0,20.224864926380164,191.74193548387098,251.0,123.0,28.06451612903226,8.35483870967742,1.1409677419354838,57.903225806451616,237.16129032258064,313,33.56516129032258,27.1,25.831935483870968,2019-05-01
ITO,105.74193548387096,156.0,62.0,23.67976314906251,190.5483870967742,250.0,127.0,28.483870967741936,8.419354838709678,1.1612903225806452,58.38709677419355,241.83870967741936,327,33.56516129032258,27.1,25.831935483870968,2019-05-01
Lodhi Road,88.78387096774195,128.75,54.1,20.34770415835971,161.7483870967742,218.95,97.65,23.806451612903224,7.483870967741935,0.9722580645161291,64.25806451612904,194.51612903225808,306,33.56516129032258,27.1,25.831935483870968,2019-05-01
Punjabi Bagh,101.64516129032258,151.0,56.0,25.910806480561703,195.0,247.0,127.0,27.419354838709676,9.193548387096774,1.1180645161290321,56.67741935483871,228.19354838709677,323,33.56516129032258,27.1,25.831935483870968,2019-05-01
RK Puram,100.70967741935483,140.0,63.0,19.8732543021806,185.0,234.0,128.0,27.677419354838708,7.645161290322581,1.1522580645161289,59.96774193548387,230.5483870967742,315,33.56516129032258,27.1,25.831935483870968,2019-05-01
Anand Vihar,129.73333333333332,181.8,90.0,24.9711741860467,211.68666666666667,287.4,153.0,34.1,10.333333333333334,1.371,51.333333333333336,290.46666666666664,347,37.47933333333334,12.7,27.149,2019-06-01
Dwarka,102.36666666666666,155.0,58.0,22.91134839020766,187.73333333333332,250.0,133.0,26.666666666666668,7.966666666666667,1.1473333333333333,55.766666666666666,233.33333333333334,326,37.47933333333334,12.7,27.149,2019-06-01
ITO,106.66666666666667,143.0,65.0,20.95698934243301,182.93333333333334,244.0,116.0,28.333333333333332,8.766666666666667,1.0826666666666669,58.56666666666667,248.33333333333334,317,37.47933333333334,12.7,27.149,2019-06-01
Lodhi Road,87.89166666666667,120.05,44.75,20.61400211830137,156.42666666666668,206.7,106.25,24.033333333333335,7.966666666666667,0.983,63.6,194.03333333333333,300,37.47933333333334,12.7,27.149,2019-06-01
Punjabi Bagh,105.66666666666667,149.0,62.0,23.279905991831363,179.3,240.0,118.0,29.833333333333332,8.233333333333333,1.093,59.56666666666667,240.2,322,37.47933333333334,12.7,27.149,2019-06-01
RK Puram,106.5,141.0,71.0,19.89411626760449,178.26666666666668,255.0,119.0,29.266666666666666,8.466666666666667,1.1466666666666667,57.6,245.53333333333333,316,37.47933333333334,12.7,27.149,2019-06-01
Anand Vihar,70.7741935483871,111.4,33.8,20.115383296405025,124.30322580645162,180.0,76.2,19.903225806451612,5.935483870967742,0.7974193548387096,65.2258064516129,142.8709677419355,271,33.58709677419355,183.76,56.041612903225804,2019-07-01
Dwarka,60.96774193548387,98.0,30.0,17.96938854639141,104.16129032258064,160.0,51.0,17.06451612903226,5.096774193548387,0.7590322580645161,64.25806451612904,113.83870967741936,226,33.58709677419355,183.76,56.041612903225804,2019-07-01
ITO,60.29032258064516,100.0,30.0,17.43022958041019,106.74193548387096,153.0,62.0,15.935483870967742,4.935483870967742,0.7229032258064516,67.70967741935483,111.7741935483871,233,33.58709677419355,183.76,56.041612903225804,2019-07-01
Lodhi Road,52.79032258064516,88.1,18.25,15.12398437005958,90.1032258064516,132.25,58.1,14.903225806451612,4.967741935483871,0.6799999999999999,65.54838709677419,92.54838709677419,193,33.58709677419355,183.76,56.041612903225804,2019-07-01
Punjabi Bagh,64.06451612903226,101.0,27.0,18.550715141418795,101.54838709677419,157.0,48.0,17.516129032258064,5.032258064516129,0.7838709677419355,65.90322580645162,122.90322580645162,236,33.58709677419355,183.76,56.041612903225804,2019-07-01
RK Puram,56.83870967741935,94.0,25.0,18.815059171124158,104.90322580645162,156.0,55.0,15.67741935483871,4.67741935483871,0.642258064516129,67.09677419354838,105.35483870967742,213,33.58709677419355,183.76,56.041612903225804,2019-07-01
Anand Vihar,81.64516129032258,114.2,39.0,20.135124181550296,123.3741935483871,176.2,75.6,21.903225806451612,6.612903225806452,0.9116129032258065,59.645161290322584,174.41935483870967,280,30.250645161290322,159.04,73.33612903225807,2019-08-01
Dwarka,68.0,101.0,36.0,17.38390059796707,99.54838709677419,156.0,47.0,18.612903225806452,5.419354838709677,0.7422580645161291,66.74193548387096,132.5483870967742,236,30.250645161290322,159.04,73.33612903225807,2019-08-01
ITO,70.06451612903226,97.0,31.0,16.92322956544439,95.35483870967742,142.0,52.0,20.0,5.064516129032258,0.8422580645161291,64.70967741935483,138.32258064516128,223,30.250645161290322,159.04,73.33612903225807,2019-08-01
Lodhi Road,56.354838709677416,87.55,25.25,17.535318430901626,86.27580645161291,130.35,42.35,15.96774193548387,4.580645161290323,0.7248387096774194,68.64516129032258,102.51612903225806,191,30.250645161290322,159.04,73.33612903225807,2019-08-01
Punjabi Bagh,68.54838709677419,97.0,30.0,17.6405568878034,97.64516129032258,148.0,57.0,18.161290322580644,6.064516129032258,0.7493548387096775,64.48387096774194,135.29032258064515,223,30.250645161290322,159.04,73.33612903225807,2019-08-01
RK Puram,67.96774193548387,94.0,26.0,18.666340242921645,99.38709677419355,159.0,58.0,17.419354838709676,5.67741935483871,0.7306451612903225,67.48387096774194,134.2258064516129,213,30.250645161290322,159.04,73.33612903225807,2019-08-01
Anand Vihar,79.51333333333334,117.6,44.2,20.653174312812116,124.3,185.6,78.2,22.066666666666666,6.0,0.8206666666666667,62.86666666666667,166.83333333333334,292,29.682000000000002,63.92,70.14233333333333,2019-09-01
Dwarka,62.56666666666667,98.0,27.0,17.547341548003754,107.93333333333334,156.0,49.0,17.466666666666665,5.566666666666666,0.7716666666666666,64.56666666666666,117.23333333333333,226,29.682000000000002,63.92,70.14233333333333,2019-09-01
ITO,69.0,99.0,29.0,19.08781882736231,104.26666666666667,152.0,49.0,20.466666666666665,5.666666666666667,0.7856666666666666,66.03333333333333,136.86666666666667,230,29.682000000000002,63.92,70.14233333333333,2019-09-01
Lodhi Road,56.498333333333335,84.3,26.9,15.364707002229745,91.075,136.05,38.85,14.833333333333334,4.833333333333333,0.7783333333333334,68.56666666666666,101.53333333333333,181,29.682000000000002,63.92,70.14233333333333,2019-09-01
Punjabi Bagh,65.36666666666666,105.0,30.0,17.237655919793603,110.0,165.0,52.0,17.2,5.066666666666666,0.7436666666666666,66.8,125.16666666666667,250,29.682000000000002,63.92,70.14233333333333,2019-09-01
RK Puram,66.26666666666667,105.0,36.0,19.315766890670243,103.43333333333334,155.0,60.0,18.733333333333334,5.5,0.8346666666666667,67.43333333333334,129.06666666666666,250,29.682000000000002,63.92,70.14233333333333,2019-09-01
Anand Vihar,147.32258064516128,208.8,94.2,26.094785043215303,255.8967741935484,339.6,174.0,37.903225806451616,11.35483870967742,1.6090322580645162,48.54838709677419,317.0967741935484,368,25.470645161290324,26.11,54.218387096774194,2019-10-01
Dwarka,120.19354838709677,166.0,85.0,21.94146660980636,212.70967741935485,256.0,166.0,30.741935483870968,9.35483870967742,1.2893548387096774,55.12903225806452,277.93548387096774,335,25.470645161290324,26.11,54.218387096774194,2019-10-01
ITO,120.80645161290323,154.0,85.0,21.46535092474802,214.80645161290323,259.0,130.0,31.93548387096774,9.483870967741936,1.3406451612903227,57.354838709677416,277.35483870967744,326,25.470645161290324,26.11,54.218387096774194,2019-10-01
Lodhi Road,104.55645161290323,150.6,68.3,23.675675780342868,184.50483870967741,244.6,139.2,28.967741935483872,7.741935483870968,1.174516129032258,58.516129032258064,236.61290322580646,323,25.470645161290324,26.11,54.218387096774194,2019-10-01
Punjabi Bagh,120.3225806451613,175.0,86.0,24.174900340055444,221.67741935483872,285.0,162.0,30.838709677419356,10.32258064516129,1.2832258064516129,53.774193548387096,275.0,342,25.470645161290324,26.11,54.218387096774194,2019-10-01
RK Puram,121.16129032258064,174.0,71.0,25.556599635832555,215.80645161290323,272.0,153.0,31.903225806451612,9.258064516129032,1.3374193548387097,53.516129032258064,276.0967741935484,341,25.470645161290324,26.11,54.218387096774194,2019-10-01
Anand Vihar,203.73333333333332,250.0,136.8,32.631245163486184,304.94,382.2,240.6,52.6,16.666666666666668,2.11,39.333333333333336,363.93333333333334,400,21.049,14.2,53.83866666666667,2019-11-01
Dwarka,165.56666666666666,211.0,118.0,24.117075555160774,256.26666666666665,306.0,198.0,42.766666666666666,13.2,1.719,44.9,334.3666666666667,370,21.049,14.2,53.83866666666667,2019-11-01
ITO,167.7,213.0,118.0,27.69681918747076,253.03333333333333,300.0,192.0,42.8,13.366666666666667,1.7786666666666666,44.8,335.9,371,21.049,14.2,53.83866666666667,2019-11-01
Lodhi Road,145.18333333333334,188.15,103.4,24.95944066202044,212.07000000000002,262.2,157.0,36.7,11.966666666666667,1.562,48.766666666666666,313.1666666666667,352,21.049,14.2,53.83866666666667,2019-11-01
Punjabi Bagh,168.83333333333334,211.0,110.0,29.205671784223973,256.5,308.0,204.0,42.93333333333333,13.4,1.819,43.2,335.6666666666667,370,21.049,14.2,53.83866666666667,2019-11-01
RK Puram,170.36666666666667,205.0,113.0,26.711076526328966,247.3,301.0,174.0,43.93333333333333,13.0,1.8596666666666666,47.03333333333333,337.6666666666667,365,21.049,14.2,53.83866666666667,2019-11-01
Anand Vihar,194.89032258064518,248.4,134.2,32.83651783039436,321.56774193548387,400.0,215.4,49.516129032258064,15.64516129032258,2.0206451612903225,41.32258064516129,357.0967741935484,398,12.60741935483871,26.360000000000003,54.44483870967742,2019-12-01
Dwarka,160.51612903225808,208.0,110.0,25.60582091080325,268.06451612903226,336.0,181.0,40.38709677419355,12.838709677419354,1.6861290322580644,48.096774193548384,329.83870967741933,367,12.60741935483871,26.360000000000003,54.44483870967742,2019-12-01
ITO,162.25806451612902,200.0,107.0,25.472819163355915,269.51612903225805,347.0,191.0,41.58064516129032,13.67741935483871,1.681290322580645,48.096774193548384,329.64516129032256,361,12.60741935483871,26.360000000000003,54.44483870967742,2019-12-01
Lodhi Road,138.50967741935486,173.45,86.25,28.09983220399141,230.66290322580645,288.0,162.55,36.0,11.451612903225806,1.4141935483870967,51.38709677419355,299.4516129032258,341,12.60741935483871,26.360000000000003,54.44483870967742,2019-12-01
Punjabi Bagh,158.06451612903226,197.0,104.0,27.629616336907958,270.80645161290323,340.0,179.0,41.354838709677416,12.774193548387096,1.7493548387096776,50.25806451612903,325.258064516129,359,12.60741935483871,26.360000000000003,54.44483870967742,2019-12-01
RK Puram,160.90322580645162,196.0,112.0,22.156044831617518,270.19354838709677,335.0,178.0,42.12903225806452,12.161290322580646,1.6696774193548387,46.0,330.3225806451613,358,12.60741935483871,26.360000000000003,54.44483870967742,2019-12-01
Anand Vihar,194.7483870967742,244.0,132.8,32.350001246447604,322.2967741935484,409.4,225.2,50.193548387096776,15.516129032258064,2.0470967741935486,39.806451612903224,357.06451612903226,395,12.313548387096775,29.7,62.40806451612903,2020-01-01
Dwarka,162.19354838709677,218.0,103.0,29.781895344698608,267.03225806451616,343.0,180.0,41.935483870967744,12.64516129032258,1.7503225806451612,43.74193548387097,330.03225806451616,375,12.313548387096775,29.7,62.40806451612903,2020-01-01
ITO,159.74193548387098,216.0,103.0,31.36342640925944,268.4193548387097,344.0,187.0,41.25806451612903,12.741935483870968,1.659032258064516,49.0,326.64516129032256,373,12.313548387096775,29.7,62.40806451612903,2020-01-01
Lodhi Road,136.61612903225807,186.15,84.85,28.60429276378161,235.60806451612905,297.6,146.1,37.064516129032256,11.419354838709678,1.4703225806451612,50.38709677419355,299.48387096774195,350,12.313548387096775,29.7,62.40806451612903,2020-01-01
Punjabi Bagh,162.25806451612902,208.0,109.0,28.336040351391713,272.741935483871,338.0,194.0,43.0,12.193548387096774,1.6709677419354838,45.193548387096776,330.1290322580645,367,12.313548387096775,29.7,62.40806451612903,2020-01-01
RK Puram,159.16129032258064,204.0,109.0,27.80419245868453,267.258064516129,340.0,191.0,41.03225806451613,12.548387096774194,1.6793548387096775,45.774193548387096,327.16129032258067,364,12.313548387096775,29.7,62.40806451612903,2020-01-01
Anand Vihar,200.04827586206895,249.8,156.2,26.278217768030604,317.0551724137931,405.0,238.4,50.58620689655172,15.344827586206897,2.092758620689655,40.51724137931034,361.1034482758621,399,15.943103448275863,15.940000000000001,49.82448275862069,2020-02-01
Dwarka,167.3448275862069,198.0,122.0,21.63046109750415,263.0344827586207,332.0,180.0,43.275862068965516,12.793103448275861,1.690344827586207,48.13793103448276,336.0689655172414,360,15.943103448275863,15.940000000000001,49.82448275862069,2020-02-01
ITO,165.79310344827587,210.0,106.0,27.20868993321386,261.86206896551727,338.0,201.0,41.62068965517241,13.413793103448276,1.7506896551724138,47.41379310344828,333.55172413793105,369,15.943103448275863,15.940000000000001,49.82448275862069,2020-02-01
Lodhi Road,141.56724137931033,178.9,116.55,18.431810990891293,224.49310344827586,286.95,161.0,37.827586206896555,10.96551724137931,1.556896551724138,49.310344827586206,315.2413793103448,345,15.943103448275863,15.940000000000001,49.82448275862069,2020-02-01
Punjabi Bagh,164.41379310344828,209.0,123.0,20.540060580970806,265.2758620689655,339.0,175.0,41.86206896551724,12.89655172413793,1.7224137931034484,46.48275862068966,333.6896551724138,368,15.943103448275863,15.940000000000001,49.82448275862069,2020-02-01
RK Puram,165.93103448275863,198.0,113.0,21.108446235169804,261.48275862068965,345.0,189.0,43.10344827586207,13.89655172413793,1.796896551724138,43.206896551724135,334.2413793103448,360,15.943103448275863,15.940000000000001,49.82448275862069,2020-02-01
Anand Vihar,121.48387096774194,179.8,73.0,29.731589225089575,239.6516129032258,303.8,163.2,32.58064516129032,9.935483870967742,1.3274193548387097,54.12903225806452,270.19354838709677,346,20.81677419354839,68.38,55.75967741935484,2020-03-01
Dwarka,105.58064516129032,148.0,69.0,21.33975037896552,198.3548387096774,247.0,161.0,28.225806451612904,8.419354838709678,1.1525806451612903,58.70967741935484,243.83870967741936,321,20.81677419354839,68.38,55.75967741935484,2020-03-01
ITO,100.7741935483871,143.0,63.0,21.64056326657473,199.83870967741936,252.0,141.0,26.258064516129032,7.612903225806452,1.142258064516129,60.12903225806452,230.51612903225808,317,20.81677419354839,68.38,55.75967741935484,2020-03-01
Lodhi Road,90.08870967741936,127.5,46.75,21.162694022254588,167.08387096774194,221.9,114.6,24.06451612903226,7.161290322580645,1.0070967741935484,59.74193548387097,200.06451612903226,305,20.81677419354839,68.38,55.75967741935484,2020-03-01
Punjabi Bagh,101.80645161290323,150.0,64.0,23.390053947263866,204.48387096774192,250.0,142.0,27.677419354838708,7.709677419354839,1.1019354838709676,58.16129032258065,231.41935483870967,323,20.81677419354839,68.38,55.75967741935484,2020-03-01
RK Puram,105.29032258064517,143.0,70.0,20.22571555946719,196.3548387096774,257.0,136.0,27.29032258064516,8.419354838709678,1.1135483870967744,57.32258064516129,242.61290322580646,317,20.81677419354839,68.38,55.75967741935484,2020-03-01
Anand Vihar,126.92666666666668,175.8,84.0,24.59870943255207,220.8,281.0,158.2,32.166666666666664,10.5,1.3866666666666667,54.5,288.1333333333333,342,28.125,14.47,39.589333333333336,2020-04-01
Dwarka,105.1,149.0,78.0,17.985338856777304,185.96666666666667,252.0,141.0,28.366666666666667,9.066666666666666,1.1346666666666667,59.56666666666667,243.36666666666667,322,28.125,14.47,39.589333333333336,2020-04-01
ITO,104.06666666666666,152.0,56.0,22.599867764845566,183.86666666666667,256.0,128.0,28.8,8.366666666666667,1.1933333333333331,57.56666666666667,237.13333333333333,324,28.125,14.47,39.589333333333336,2020-04-01
Lodhi Road,89.72166666666666,125.3,57.95,19.420020256982465,157.55833333333334,225.35,102.6,23.7,7.5,1.0556666666666668,61.53333333333333,198.33333333333334,304,28.125,14.47,39.589333333333336,2020-04-01
Punjabi Bagh,105.2,138.0,82.0,15.443780134008195,187.7,260.0,124.0,28.5,8.1,1.1556666666666666,54.96666666666667,245.23333333333332,313,28.125,14.47,39.589333333333336,2020-04-01
RK Puram,107.33333333333333,156.0,63.0,18.749406120863068,184.2,240.0,143.0,28.633333333333333,9.033333333333333,1.189,56.96666666666667,250.96666666666667,327,28.125,14.47,39.589333333333336,2020-04-01
Anand Vihar,124.95483870967742,174.4,80.2,27.264174768484217,218.65806451612903,303.2,144.4,33.354838709677416,10.35483870967742,1.3719354838709679,55.096774193548384,282.64516129032256,341,33.52903225806452,47.37,30.598064516129032,2020-05-01
Dwarka,101.61290322580645,145.0,56.0,23.536747749501327,183.1290322580645,244.0,119.0,27.774193548387096,8.32258064516129,1.068709677419355,56.935483870967744,229.90322580645162,319,33.52903225806452,47.37,30.598064516129032,2020-05-01
ITO,101.35483870967742,134.0,62.0,17.702256705660954,185.4516129032258,255.0,127.0,26.741935483870968,7.935483870967742,1.0412903225806451,60.806451612903224,234.16129032258064,310,33.52903225806452,47.37,30.598064516129032,2020-05-01
Lodhi Road,91.51774193548388,127.8,49.7,21.01416803169985,156.42580645161289,221.8,102.65,24.096774193548388,7.741935483870968,1.0490322580645162,59.225806451612904,204.3548387096774,306,33.52903225806452,47.37,30.598064516129032,2020-05-01
Punjabi Bagh,100.35483870967742,142.0,68.0,21.100629354116073,182.93548387096774,233.0,118.0,27.35483870967742,7.709677419354839,1.0887096774193548,60.74193548387097,229.41935483870967,316,33.52903225806452,47.37,30.598064516129032,2020-05-01
RK Puram,103.83870967741936,150.0,65.0,23.41238528954785,186.25806451612902,251.0,127.0,26.612903225806452,8.03225806451613,1.1387096774193548,59.74193548387097,235.0,323,33.52903225806452,47.37,30.598064516129032,2020-05-01
Anand Vihar,127.14666666666668,174.8,81.8,28.462821889002107,220.44,306.6,147.0,33.233333333333334,10.5,1.4076666666666666,52.666666666666664,283.0,342,34.93666666666666,48.03,41.684666666666665,2020-06-01
Dwarka,105.56666666666666,156.0,67.0,26.000906261835983,194.33333333333334,245.0,124.0,29.166666666666668,8.333333333333334,1.103,59.43333333333333,238.3,327,34.93666666666666,48.03,41.684666666666665,2020-06-01
ITO,102.83333333333333,157.0,61.0,26.375384727814488,187.8,266.0,111.0,26.333333333333332,7.966666666666667,1.1700000000000002,57.46666666666667,231.26666666666668,328,34.93666666666666,48.03,41.684666666666665,2020-06-01
Lodhi Road,91.45666666666666,127.5,49.7,19.922663984263878,159.32000000000002,230.3,95.55,23.933333333333334,7.166666666666667,1.053,60.1,204.43333333333334,305,34.93666666666666,48.03,41.684666666666665,2020-06-01
Punjabi Bagh,109.16666666666667,158.0,66.0,24.09762233704501,185.5,239.0,117.0,30.466666666666665,9.233333333333333,1.2146666666666666,59.13333333333333,247.8,329,34.93666666666666,48.03,41.684666666666665,2020-06-01
RK Puram,103.53333333333333,151.0,66.0,20.742648607744574,183.93333333333334,236.0,135.0,28.433333333333334,8.1,1.2063333333333333,59.8,236.53333333333333,323,34.93666666666666,48.03,41.684666666666665,2020-06-01
Anand Vihar,77.24516129032257,121.4,43.2,20.53281663921891,123.54193548387097,183.8,62.0,22.129032258064516,6.290322580645161,0.88,64.2258064516129,159.70967741935485,301,33.14387096774194,205.75,59.89709677419355,2020-07-01
Dwarka,60.83870967741935,93.0,30.0,15.297269416889513,104.25806451612904,153.0,53.0,17.193548387096776,4.548387096774194,0.7270967741935483,66.03225806451613,111.2258064516129,210,33.14387096774194,205.75,59.89709677419355,2020-07-01
ITO,63.225806451612904,98.0,31.0,17.457967956245376,106.25806451612904,144.0,51.0,17.096774193548388,4.709677419354839,0.8064516129032258,65.45161290322581,119.74193548387096,226,33.14387096774194,205.75,59.89709677419355,2020-07-01
Lodhi Road,52.82419354838709,80.3,20.8,17.15293401028787,84.38387096774194,126.7,33.9,15.612903225806452,4.645161290322581,0.7367741935483871,68.16129032258064,94.09677419354838,167,33.14387096774194,205.75,59.89709677419355,2020-07-01
Punjabi Bagh,62.61290322580645,93.0,38.0,16.491770512096508,105.2258064516129,167.0,52.0,17.387096774193548,5.516129032258065,0.7261290322580646,66.12903225806451,117.45161290322581,210,33.14387096774194,205.75,59.89709677419355,2020-07-01
RK Puram,64.29032258064517,102.0,29.0,20.77689991053702,101.38709677419355,158.0,70.0,17.612903225806452,5.32258064516129,0.7925806451612903,67.16129032258064,124.03225806451613,240,33.14387096774194,205.75,59.89709677419355,2020-07-01
Anand Vihar,75.18064516129031,106.2,30.0,21.109072604843618,126.99354838709678,190.4,70.0,20.35483870967742,5.870967741935484,0.902258064516129,64.06451612903226,155.51612903225808,254,30.03516129032258,218.8,77.85870967741936,2020-08-01
Dwarka,65.0,103.0,25.0,22.0,107.16129032258064,150.0,63.0,17.193548387096776,5.419354838709677,0.7338709677419355,66.12903225806451,128.1290322580645,243,30.03516129032258,218.8,77.85870967741936,2020-08-01
ITO,59.70967741935484,105.0,25.0,18.299715022165593,104.12903225806451,164.0,57.0,16.774193548387096,5.290322580645161,0.8035483870967742,66.90322580645162,110.6774193548387,250,30.03516129032258,218.8,77.85870967741936,2020-08-01
Lodhi Road,52.90483870967742,84.15,18.0,17.02679924334337,86.44032258064516,140.75,46.25,14.096774193548388,4.096774193548387,0.6945161290322581,67.6774193548387,93.90322580645162,180,30.03516129032258,218.8,77.85870967741936,2020-08-01
Punjabi Bagh,65.06451612903226,105.0,35.0,16.29096985832124,105.0,163.0,45.0,18.741935483870968,6.129032258064516,0.783225806451613,66.45161290322581,123.51612903225806,250,30.03516129032258,218.8,77.85870967741936,2020-08-01
RK Puram,67.2258064516129,100.0,28.0,18.382436685451243,105.2258064516129,150.0,62.0,19.419354838709676,6.258064516129032,0.7741935483870968,66.7741935483871,130.80645161290323,233,30.03516129032258,218.8,77.85870967741936,2020-08-01
Anand Vihar,79.97333333333333,122.2,37.2,24.07899260885868,125.6,184.8,63.8,20.733333333333334,6.266666666666667,0.9026666666666667,64.5,170.36666666666667,301,29.76966666666667,25.439999999999998,63.25866666666666,2020-09-01
Dwarka,64.93333333333334,105.0,25.0,19.331827131181498,106.2,156.0,49.0,17.2,5.333333333333333,0.7533333333333334,61.3,125.2,250,29.76966666666667,25.439999999999998,63.25866666666666,2020-09-01
ITO,66.8,103.0,39.0,15.689662751040231,96.56666666666666,147.0,44.0,18.266666666666666,5.8,0.7566666666666666,63.6,127.5,243,29.76966666666667,25.439999999999998,63.25866666666666,2020-09-01
Lodhi Road,55.47833333333333,91.65,19.0,18.625842648530462,85.18333333333334,142.05,44.25,14.8,4.733333333333333,0.6890000000000001,70.56666666666666,101.5,205,29.76966666666667,25.439999999999998,63.25866666666666,2020-09-01
Punjabi Bagh,67.03333333333333,97.0,28.0,18.823102703919428,106.06666666666666,158.0,50.0,18.7,4.933333333333334,0.8290000000000001,66.33333333333333,130.96666666666667,223,29.76966666666667,25.439999999999998,63.25866666666666,2020-09-01
RK Puram,63.1,98.0,23.0,18.657253373642,100.33333333333333,148.0,52.0,17.2,5.233333333333333,0.7576666666666667,69.06666666666666,119.83333333333333,226,29.76966666666667,25.439999999999998,63.25866666666666,2020-09-01
Anand Vihar,151.73548387096776,209.4,104.0,26.916581610438534,263.86451612903227,341.4,192.2,39.935483870967744,12.258064516129032,1.5512903225806454,48.70967741935484,322.1290322580645,368,26.108064516129033,0.0,34.20612903225807,2020-10-01
Dwarka,127.3225806451613,180.0,90.0,25.4327703259321,218.67741935483872,295.0,150.0,34.064516129032256,9.67741935483871,1.3900000000000001,54.096774193548384,288.1290322580645,346,26.108064516129033,0.0,34.20612903225807,2020-10-01
ITO,130.09677419354838,178.0,85.0,23.262781201896555,220.16129032258064,282.0,136.0,33.38709677419355,10.580645161290322,1.4116129032258065,53.45161290322581,293.48387096774195,344,26.108064516129033,0.0,34.20612903225807,2020-10-01
Lodhi Road,107.31935483870969,142.5,74.55,19.53729202243475,182.75483870967741,230.8,123.85,28.580645161290324,8.67741935483871,1.1848387096774193,57.96774193548387,248.6451612903226,317,26.108064516129033,0.0,34.20612903225807,2020-10-01
Punjabi Bagh,124.58064516129032,180.0,83.0,26.681796783010938,215.5483870967742,273.0,157.0,32.32258064516129,9.67741935483871,1.4106451612903226,52.935483870967744,278.61290322580646,346,26.108064516129033,0.0,34.20612903225807,2020-10-01
RK Puram,125.87096774193549,157.0,93.0,18.883400003678496,218.03225806451613,283.0,152.0,33.45161290322581,10.741935483870968,1.4670967741935483,53.38709677419355,290.93548387096774,328,26.108064516129033,0.0,34.20612903225807,2020-10-01
Anand Vihar,188.48,246.2,139.4,25.246623536623662,331.23333333333335,409.8,243.4,49.1,15.066666666666666,2.029,42.36666666666667,352.26666666666665,397,19.205333333333332,4.07,36.647666666666666,2020-11-01
Dwarka,155.26666666666668,202.0,108.0,23.860128816216328,275.46666666666664,338.0,200.0,39.93333333333333,12.366666666666667,1.6283333333333334,48.93333333333333,325.2,363,19.205333333333332,4.07,36.647666666666666,2020-11-01
ITO,156.26666666666668,202.0,111.0,26.15857917333845,276.9,348.0,178.0,41.03333333333333,12.666666666666666,1.6946666666666668,47.7,326.6666666666667,363,19.205333333333332,4.07,36.647666666666666,2020-11-01
Lodhi Road,130.915,173.6,93.95,22.51481562024866,229.625,298.45,159.25,32.46666666666667,10.333333333333334,1.412,51.733333333333334,295.6,341,19.205333333333332,4.07,36.647666666666666,2020-11-01
Punjabi Bagh,156.8,207.0,115.0,27.509747488782086,274.73333333333335,350.0,180.0,39.233333333333334,12.4,1.6133333333333333,48.03333333333333,327.2,366,19.205333333333332,4.07,36.647666666666666,2020-11-01
RK Puram,158.1,214.0,108.0,26.394030150513334,274.0,339.0,180.0,42.63333333333333,13.033333333333333,1.7773333333333334,46.56666666666667,327.8666666666667,372,19.205333333333332,4.07,36.647666666666666,2020-11-01
Anand Vihar,191.4322580645161,248.4,139.4,29.44595486759627,301.7161290322581,399.8,224.4,50.54838709677419,15.709677419354838,2.104193548387097,38.806451612903224,354.48387096774195,398,15.140967741935484,0.53,39.95548387096774,2020-12-01
Dwarka,158.67741935483872,210.0,110.0,22.184660010578174,256.96774193548384,343.0,203.0,42.774193548387096,13.548387096774194,1.6874193548387098,45.83870967741935,328.2903225806452,369,15.140967741935484,0.53,39.95548387096774,2020-12-01
ITO,155.74193548387098,206.0,109.0,26.312186963376856,252.32258064516128,334.0,191.0,40.935483870967744,12.064516129032258,1.6564516129032258,49.83870967741935,325.5806451612903,366,15.140967741935484,0.53,39.95548387096774,2020-12-01
Lodhi Road,136.90967741935484,175.8,99.25,19.158550829654974,215.5758064516129,294.45,154.45,36.774193548387096,10.451612903225806,1.479032258064516,49.29032258064516,308.80645161290323,342,15.140967741935484,0.53,39.95548387096774,2020-12-01
Punjabi Bagh,158.03225806451613,206.0,110.0,22.410538995403837,253.7741935483871,348.0,185.0,40.41935483870968,12.870967741935484,1.6535483870967742,47.225806451612904,328.03225806451616,366,15.140967741935484,0.53,39.95548387096774,2020-12-01
RK Puram,158.74193548387098,198.0,102.0,22.478089690385882,256.35483870967744,341.0,183.0,40.25806451612903,13.096774193548388,1.660967741935484,46.064516129032256,327.6774193548387,360,15.140967741935484,0.53,39.95548387096774,2020-12-01
Anand Vihar,196.31612903225806,236.8,150.0,20.906954134516962,313.6258064516129,397.6,236.0,50.483870967741936,15.903225806451612,2.0593548387096776,40.70967741935484,358.2258064516129,389,12.820322580645161,42.11,53.622580645161285,2021-01-01
Dwarka,161.83870967741936,204.0,125.0,20.340594508180832,261.5483870967742,344.0,198.0,42.25806451612903,12.838709677419354,1.647741935483871,45.83870967741935,331.6774193548387,364,12.820322580645161,42.11,53.622580645161285,2021-01-01
ITO,161.06451612903226,200.0,119.0,21.81121345221454,261.61290322580646,327.0,190.0,42.774193548387096,13.03225806451613,1.6409677419354838,47.193548387096776,330.93548387096774,361,12.820322580645161,42.11,53.622580645161285,2021-01-01
Lodhi Road,138.85967741935482,172.7,103.3,14.738421553628907,220.3532258064516,276.7,152.7,36.25806451612903,11.064516129032258,1.5103225806451612,51.516129032258064,312.3225806451613,340,12.820322580645161,42.11,53.622580645161285,2021-01-01
Punjabi Bagh,166.0,203.0,116.0,21.668717851625033,260.6774193548387,329.0,190.0,42.58064516129032,13.516129032258064,1.6996774193548387,47.61290322580645,334.5806451612903,363,12.820322580645161,42.11,53.622580645161285,2021-01-01
RK Puram,162.51612903225808,199.0,124.0,19.803822808979653,257.741935483871,331.0,187.0,42.74193548387097,12.387096774193548,1.6716129032258065,48.58064516129032,332.2258064516129,360,12.820322580645161,42.11,53.622580645161285,2021-01-01
Anand Vihar,188.85,251.2,135.4,33.24511103015611,314.50714285714287,383.6,231.8,49.214285714285715,15.714285714285714,1.9782142857142857,41.857142857142854,352.4642857142857,400,18.65142857142857,3.28,38.61714285714286,2021-02-01
Dwarka,157.25,206.0,107.0,26.98370564563679,263.42857142857144,329.0,197.0,40.892857142857146,13.357142857142858,1.6596428571428572,48.92857142857143,325.64285714285717,366,18.65142857142857,3.28,38.61714285714286,2021-02-01
ITO,157.25,205.0,111.0,27.81369899621142,258.42857142857144,320.0,190.0,41.0,13.25,1.7092857142857143,47.92857142857143,326.7142857142857,365,18.65142857142857,3.28,38.61714285714286,2021-02-01
Lodhi Road,136.78214285714287,184.6,91.4,28.211605223952937,222.89642857142857,294.55,158.55,34.285714285714285,11.821428571428571,1.4746428571428571,52.17857142857143,300.67857142857144,349,18.65142857142857,3.28,38.61714285714286,2021-02-01
Punjabi Bagh,153.57142857142858,191.0,101.0,26.79058509505624,256.64285714285717,327.0,176.0,39.857142857142854,12.321428571428571,1.6542857142857144,48.92857142857143,321.5357142857143,354,18.65142857142857,3.28,38.61714285714286,2021-02-01
RK Puram,160.17857142857142,206.0,106.0,30.521460053698682,257.0357142857143,344.0,181.0,42.285714285714285,12.214285714285714,1.6892857142857143,46.07142857142857,328.39285714285717,366,18.65142857142857,3.28,38.61714285714286,2021-02-01
Anand Vihar,126.80000000000001,182.2,75.4,27.105177857130297,226.81935483870967,291.8,157.2,33.064516129032256,10.612903225806452,1.2680645161290323,53.483870967741936,285.2258064516129,347,25.575806451612905,3.95,26.877096774193546,2021-03-01
Dwarka,106.0,152.0,64.0,27.23722942346866,185.25806451612902,234.0,131.0,28.967741935483872,8.161290322580646,1.1887096774193548,56.25806451612903,236.2258064516129,324,25.575806451612905,3.95,26.877096774193546,2021-03-01
ITO,106.80645161290323,145.0,72.0,21.911061673408568,182.93548387096774,243.0,128.0,28.225806451612904,8.96774193548387,1.1958064516129032,57.25806451612903,244.83870967741936,319,25.575806451612905,3.95,26.877096774193546,2021-03-01
Lodhi Road,90.08548387096775,129.9,60.6,17.874004371098952,159.83709677419355,214.65,106.5,24.483870967741936,7.0,1.07,63.29032258064516,198.93548387096774,307,25.575806451612905,3.95,26.877096774193546,2021-03-01
Punjabi Bagh,105.83870967741936,151.0,61.0,24.899928747145104,180.70967741935485,242.0,132.0,27.93548387096774,8.903225806451612,1.0893548387096774,56.32258064516129,241.03225806451613,323,25.575806451612905,3.95,26.877096774193546,2021-03-01
RK Puram,104.58064516129032,150.0,71.0,24.635711468717368,185.03225806451613,257.0,135.0,28.29032258064516,8.838709677419354,1.17,60.74193548387097,236.70967741935485,323,25.575806451612905,3.95,26.877096774193546,2021-03-01
Anand Vihar,125.39333333333335,182.2,79.0,27.56872207378515,239.08666666666667,309.8,163.8,33.166666666666664,10.3,1.3326666666666667,51.86666666666667,280.7,347,29.558333333333334,3.4499999999999997,18.907666666666668,2021-04-01
Dwarka,108.76666666666667,143.0,72.0,17.36957969700403,196.93333333333334,263.0,140.0,28.166666666666668,8.4,1.1113333333333333,56.13333333333333,255.36666666666667,317,29.558333333333334,3.4499999999999997,18.907666666666668,2021-04-01
ITO,107.86666666666666,151.0,68.0,22.81973334386398,196.3,245.0,144.0,29.9,8.566666666666666,1.1956666666666667,56.166666666666664,248.13333333333333,323,29.558333333333334,3.4499999999999997,18.907666666666668,2021-04-01
Lodhi Road,89.43833333333333,131.6,54.6,18.201372074717302,168.36,228.3,111.4,23.266666666666666,6.466666666666667,0.999,58.93333333333333,196.43333333333334,308,29.558333333333334,3.4499999999999997,18.907666666666668,2021-04-01
Punjabi Bagh,108.46666666666667,152.0,63.0,22.99885054598994,193.73333333333332,250.0,130.0,28.7,7.9,1.143,55.266666666666666,248.06666666666666,324,29.558333333333334,3.4499999999999997,18.907666666666668,2021-04-01
RK Puram,104.5,148.0,61.0,20.41255529798029,195.83333333333334,264.0,114.0,27.9,8.166666666666666,1.1596666666666666,58.96666666666667,241.06666666666666,321,29.558333333333334,3.4499999999999997,18.907666666666668,2021-04-01
Anand Vihar,131.18709677419355,179.2,75.6,25.85538940511867,223.6709677419355,281.0,155.0,33.54838709677419,10.0,1.4190322580645163,52.645161290322584,292.51612903225805,345,31.98741935483871,107.30000000000001,34.88967741935484,2021-05-01
Dwarka,110.45161290322581,149.0,75.0,19.50357011707928,189.74193548387098,247.0,131.0,29.29032258064516,8.64516129032258,1.2045161290322581,56.25806451612903,257.8709677419355,322,31.98741935483871,107.30000000000001,34.88967741935484,2021-05-01
ITO,108.64516129032258,146.0,58.0,22.102109080502963,193.38709677419354,246.0,128.0,28.161290322580644,7.709677419354839,1.2319354838709677,55.16129032258065,251.67741935483872,320,31.98741935483871,107.30000000000001,34.88967741935484,2021-05-01
Lodhi Road,93.66612903225807,136.15,51.3,21.25671418280498,163.67419354838708,222.75,97.0,25.29032258064516,7.0,1.088064516129032,62.38709677419355,209.09677419354838,312,31.98741935483871,107.30000000000001,34.88967741935484,2021-05-01
Punjabi Bagh,110.29032258064517,145.0,82.0,17.25918798473651,188.3548387096774,264.0,117.0,29.35483870967742,9.03225806451613,1.2238709677419355,58.064516129032256,258.16129032258067,319,31.98741935483871,107.30000000000001,34.88967741935484,2021-05-01
RK Puram,109.19354838709677,148.0,69.0,22.252219896508773,187.29032258064515,252.0,132.0,28.0,8.741935483870968,1.21,60.70967741935484,252.48387096774192,321,31.98741935483871,107.30000000000001,34.88967741935484,2021-05-01
Anand Vihar,139.7866666666667,174.0,91.8,19.46639426671325,220.91333333333333,280.4,158.4,36.46666666666667,11.666666666666666,1.5016666666666665,54.3,310.3666666666667,341,33.556333333333335,67.08,45.21266666666667,2021-06-01
Dwarka,114.63333333333334,148.0,71.0,20.34272441885819,187.7,239.0,123.0,30.433333333333334,9.233333333333333,1.2106666666666668,53.93333333333333,266.6666666666667,321,33.556333333333335,67.08,45.21266666666667,2021-06-01
ITO,114.96666666666667,157.0,65.0,22.426098302145007,183.3,244.0,128.0,31.2,9.2,1.2133333333333334,58.06666666666667,265.46666666666664,328,33.556333333333335,67.08,45.21266666666667,2021-06-01
Lodhi Road,100.22666666666667,135.3,68.0,16.896483685061227,162.25666666666666,213.25,101.2,27.066666666666666,8.4,1.1003333333333332,63.266666666666666,230.26666666666668,311,33.556333333333335,67.08,45.21266666666667,2021-06-01
Punjabi Bagh,115.96666666666667,155.0,81.0,20.256090328646813,186.86666666666667,240.0,125.0,31.466666666666665,9.666666666666666,1.238,53.3,269.1666666666667,326,33.556333333333335,67.08,45.21266666666667,2021-06-01
RK Puram,114.36666666666666,146.0,73.0,19.22369825794828,186.6,234.0,113.0,29.833333333333332,9.5,1.2813333333333332,57.7,266.6333333333333,320,33.556333333333335,67.08,45.21266666666667,2021-06-01
Anand Vihar,75.45161290322581,114.2,35.6,21.351157204669132,135.78064516129032,190.6,78.6,20.225806451612904,6.516129032258065,0.9245161290322581,62.0,156.0,280,32.17580645161291,370.14,65.29677419354839,2021-07-01
Dwarka,63.354838709677416,103.0,35.0,19.389943075551262,108.70967741935483,166.0,62.0,16.548387096774192,5.516129032258065,0.8348387096774194,67.48387096774194,121.51612903225806,243,32.17580645161291,370.14,65.29677419354839,2021-07-01
ITO,64.64516129032258,105.0,33.0,18.689655582873954,108.25806451612904,159.0,52.0,16.032258064516128,4.903225806451613,0.8112903225806452,68.45161290322581,123.93548387096774,250,32.17580645161291,370.14,65.29677419354839,2021-07-01
Lodhi Road,52.814516129032256,76.45,28.2,14.32604384532117,96.88225806451612,132.15,53.95,14.580645161290322,3.935483870967742,0.695483870967742,68.09677419354838,92.70967741935483,154,32.17580645161291,370.14,65.29677419354839,2021-07-01
Punjabi Bagh,65.58064516129032,103.0,27.0,19.321446104520554,106.09677419354838,147.0,53.0,18.516129032258064,5.387096774193548,0.7416129032258065,68.93548387096774,127.2258064516129,243,32.17580645161291,370.14,65.29677419354839,2021-07-01
RK Puram,65.58064516129032,105.0,31.0,19.169027437593847,109.80645161290323,155.0,43.0,19.032258064516128,5.258064516129032,0.8441935483870967,63.70967741935484,126.83870967741936,250,32.17580645161291,370.14,65.29677419354839,2021-07-01
Anand Vihar,77.00645161290322,123.6,29.2,24.578770453162367,124.61935483870967,185.0,66.0,19.870967741935484,5.580645161290323,0.8716129032258064,62.064516129032256,162.48387096774192,302,28.991290322580646,162.31,79.64354838709679,2021-08-01
Dwarka,66.6774193548387,105.0,27.0,18.939178258791475,106.93548387096774,161.0,42.0,18.322580645161292,5.516129032258065,0.8099999999999999,65.45161290322581,128.61290322580646,250,28.991290322580646,162.31,79.64354838709679,2021-08-01
ITO,64.74193548387096,102.0,22.0,19.20584588423619,102.87096774193549,162.0,65.0,18.580645161290324,5.225806451612903,0.7845161290322581,66.29032258064517,123.6774193548387,240,28.991290322580646,162.31,79.64354838709679,2021-08-01
Lodhi Road,51.5516129032258,93.8,17.55,18.034261300235208,87.85806451612903,122.35,43.3,14.903225806451612,4.612903225806452,0.6403225806451613,71.48387096774194,91.06451612903226,212,28.991290322580646,162.31,79.64354838709679,2021-08-01
Punjabi Bagh,65.09677419354838,101.0,25.0,21.94440678731853,107.25806451612904,150.0,51.0,17.806451612903224,5.032258064516129,0.8319354838709677,65.54838709677419,127.87096774193549,236,28.991290322580646,162.31,79.64354838709679,2021-08-01
RK Puram,65.3225806451613,97.0,22.0,23.848671656613213,111.96774193548387,160.0,52.0,17.838709677419356,5.67741935483871,0.7874193548387097,67.41935483870968,130.51612903225808,223,28.991290322580646,162.31,79.64354838709679,2021-08-01
Anand Vihar,77.56666666666666,115.8,48.0,19.02565116622426,125.45333333333333,175.4,61.4,21.466666666666665,7.266666666666667,0.8236666666666667,62.93333333333333,160.86666666666667,286,27.115000000000002,252.02,86.72766666666666,2021-09-01
Dwarka,64.3,105.0,29.0,17.003346526594353,104.76666666666667,159.0,57.0,19.266666666666666,4.966666666666667,0.768,65.63333333333334,121.66666666666667,250,27.115000000000002,252.02,86.72766666666666,2021-09-01
ITO,65.9,98.0,29.0,19.6597786496116,107.3,162.0,51.0,17.133333333333333,4.866666666666666,0.8059999999999999,68.8,128.5,226,27.115000000000002,252.02,86.72766666666666,2021-09-01
Lodhi Road,56.7,90.4,26.95,17.17348597954577,90.96833333333333,141.75,38.0,15.8,4.9,0.6806666666666668,68.56666666666666,102.9,201,27.115000000000002,252.02,86.72766666666666,2021-09-01
Punjabi Bagh,64.73333333333333,105.0,37.0,15.292399133699323,108.6,163.0,57.0,17.466666666666665,5.8,0.8413333333333333,65.76666666666667,121.96666666666667,250,27.115000000000002,252.02,86.72766666666666,2021-09-01
RK Puram,65.2,105.0,32.0,19.10298767028431,106.43333333333334,165.0,58.0,17.3,5.466666666666667,0.8213333333333334,65.3,125.86666666666666,250,27.115000000000002,252.02,86.72766666666666,2021-09-01
Anand Vihar,153.09677419354838,213.2,101.0,31.269063346711324,255.85806451612902,343.2,197.4,39.54838709677419,12.838709677419354,1.5974193548387094,48.41935483870968,320.03225806451616,371,24.136451612903226,77.58,70.83322580645161,2021-10-01
Dwarka,130.6451612903226,181.0,82.0,27.048781102663106,209.5483870967742,283.0,153.0,33.87096774193548,10.225806451612904,1.3909677419354838,52.70967741935484,290.93548387096774,346,24.136451612903226,77.58,70.83322580645161,2021-10-01
ITO,126.03225806451613,172.0,76.0,26.34955264764817,211.80645161290323,294.0,150.0,32.83870967741935,10.290322580645162,1.377741935483871,54.54838709677419,283.83870967741933,340,24.136451612903226,77.58,70.83322580645161,2021-10-01
Lodhi Road,110.68548387096774,159.1,70.3,22.508036318718062,190.9209677419355,246.85,136.4,28.93548387096774,9.096774193548388,1.2380645161290322,62.54838709677419,253.0,330,24.136451612903226,77.58,70.83322580645161,2021-10-01
Punjabi Bagh,126.58064516129032,168.0,79.0,25.06760750922511,212.8709677419355,280.0,137.0,33.67741935483871,9.870967741935484,1.353225806451613,56.12903225806452,285.83870967741933,336,24.136451612903226,77.58,70.83322580645161,2021-10-01
RK Puram,126.35483870967742,173.0,77.0,23.489782725115155,212.67741935483872,290.0,137.0,33.25806451612903,9.806451612903226,1.4187096774193548,53.54838709677419,287.06451612903226,340,24.136451612903226,77.58,70.83322580645161,2021-10-01
Anand Vihar,192.98666666666668,242.0,145.8,28.485685858876113,326.15999999999997,411.0,213.4,50.266666666666666,15.466666666666667,2.0020000000000002,38.8,355.6333333333333,393,18.025,0.01,59.15,2021-11-01
Dwarka,161.43333333333334,202.0,109.0,25.12820003067488,267.96666666666664,340.0,187.0,41.233333333333334,13.066666666666666,1.6803333333333332,45.56666666666667,330.3333333333333,363,18.025,0.01,59.15,2021-11-01
ITO,160.9,210.0,111.0,28.70582062807183,274.3333333333333,343.0,174.0,42.03333333333333,12.366666666666667,1.744,45.96666666666667,329.1333333333333,369,18.025,0.01,59.15,2021-11-01
Lodhi Road,139.34333333333333,184.3,102.7,22.24974906225536,232.23,305.8,163.25,36.6,11.933333333333334,1.4840000000000002,50.333333333333336,310.3,349,18.025,0.01,59.15,2021-11-01
Punjabi Bagh,161.8,204.0,121.0,25.14975834531191,267.5,335.0,186.0,42.03333333333333,13.033333333333333,1.7356666666666667,47.43333333333333,331.6666666666667,364,18.025,0.01,59.15,2021-11-01
RK Puram,161.93333333333334,201.0,120.0,23.13816571475963,276.7,351.0,178.0,41.93333333333333,13.1,1.709,47.6,331.93333333333334,362,18.025,0.01,59.15,2021-11-01
Anand Vihar,193.00645161290322,242.6,137.8,28.579222469991155,318.0774193548387,399.0,215.0,50.483870967741936,15.870967741935484,2.0919354838709676,40.096774193548384,355.61290322580646,394,13.349032258064517,5.52,57.91225806451613,2021-12-01
Dwarka,153.48387096774192,206.0,105.0,24.90631910144082,264.5806451612903,354.0,178.0,40.0,12.35483870967742,1.7006451612903226,48.806451612903224,321.61290322580646,366,13.349032258064517,5.52,57.91225806451613,2021-12-01
ITO,159.7741935483871,203.0,104.0,25.475098530943708,258.7096774193548,335.0,182.0,41.16129032258065,12.580645161290322,1.7303225806451612,47.903225806451616,327.96774193548384,363,13.349032258064517,5.52,57.91225806451613,2021-12-01
Lodhi Road,136.0677419354839,178.05,92.4,20.55423536397911,224.1274193548387,295.25,140.0,35.193548387096776,10.64516129032258,1.4580645161290324,49.70967741935484,305.48387096774195,344,13.349032258064517,5.52,57.91225806451613,2021-12-01
Punjabi Bagh,157.58064516129033,198.0,109.0,25.873763021702615,265.4193548387097,323.0,179.0,40.87096774193548,12.387096774193548,1.6922580645161291,48.29032258064516,326.4193548387097,360,13.349032258064517,5.52,57.91225806451613,2021-12-01
RK Puram,156.38709677419354,204.0,116.0,23.76506879063588,267.64516129032256,336.0,175.0,39.61290322580645,13.03225806451613,1.681290322580645,48.935483870967744,326.5806451612903,364,13.349032258064517,5.52,57.91225806451613,2021-12-01
Anand Vihar,194.50322580645164,242.6,154.8,25.056462690903626,310.1354838709678,394.2,233.8,49.70967741935484,16.06451612903226,2.0051612903225804,42.70967741935484,356.9032258064516,394,11.995483870967742,86.60000000000001,72.3025806451613,2022-01-01
Dwarka,162.29032258064515,206.0,111.0,26.091114130276992,263.1290322580645,331.0,210.0,42.87096774193548,13.0,1.69,46.58064516129032,331.03225806451616,366,11.995483870967742,86.60000000000001,72.3025806451613,2022-01-01
ITO,163.67741935483872,201.0,113.0,23.930993985170772,253.19354838709677,323.0,180.0,42.74193548387097,13.161290322580646,1.7625806451612904,45.96774193548387,332.38709677419354,362,11.995483870967742,86.60000000000001,72.3025806451613,2022-01-01
Lodhi Road,135.34032258064516,181.35,100.2,20.434413046602042,221.4225806451613,297.0,162.25,34.41935483870968,11.096774193548388,1.4387096774193548,52.645161290322584,305.35483870967744,347,11.995483870967742,86.60000000000001,72.3025806451613,2022-01-01
Punjabi Bagh,163.41935483870967,209.0,124.0,24.38958000670012,254.16129032258064,330.0,192.0,43.064516129032256,13.935483870967742,1.7148387096774191,45.45161290322581,333.06451612903226,368,11.995483870967742,86.60000000000001,72.3025806451613,2022-01-01
RK Puram,163.48387096774192,209.0,107.0,28.017697939864053,253.0,332.0,177.0,42.74193548387097,12.806451612903226,1.7306451612903226,46.70967741935484,331.93548387096774,368,11.995483870967742,86.60000000000001,72.3025806451613,2022-01-01
Anand Vihar,206.94285714285712,244.0,146.8,28.141960612045974,308.04285714285714,407.2,223.2,53.892857142857146,16.964285714285715,2.129642857142857,37.82142857142857,366.39285714285717,395,15.120000000000001,21.16,60.87642857142857,2022-02-01
Dwarka,172.46428571428572,208.0,123.0,24.04237330809324,254.03571428571428,330.0,175.0,45.82142857142857,14.214285714285714,1.700357142857143,43.392857142857146,339.89285714285717,367,15.120000000000001,21.16,60.87642857142857,2022-02-01
ITO,172.28571428571428,209.0,116.0,25.911326199112725,259.4642857142857,322.0,204.0,44.57142857142857,13.714285714285714,1.8260714285714286,46.285714285714285,339.32142857142856,368,15.120000000000001,21.16,60.87642857142857,2022-02-01
Lodhi Road,141.73035714285714,169.65,93.55,16.246733798735796,219.94107142857143,278.85,148.25,37.214285714285715,11.892857142857142,1.5025,52.464285714285715,313.4642857142857,338,15.120000000000001,21.16,60.87642857142857,2022-02-01
Punjabi Bagh,169.96428571428572,218.0,103.0,26.212072625466902,258.7142857142857,330.0,184.0,43.714285714285715,13.5,1.8567857142857143,42.607142857142854,336.4642857142857,375,15.120000000000001,21.16,60.87642857142857,2022-02-01
RK Puram,174.21428571428572,210.0,114.0,25.185764854829227,256.75,342.0,172.0,46.642857142857146,14.071428571428571,1.8732142857142857,42.92857142857143,340.60714285714283,369,15.120000000000001,21.16,60.87642857142857,2022-02-01
Anand Vihar,131.08387096774194,178.6,81.8,24.30663965221839,247.41935483870967,304.8,159.0,34.516129032258064,10.903225806451612,1.4512903225806453,53.12903225806452,293.5483870967742,345,24.721612903225807,0.0,41.15870967741936,2022-03-01
Dwarka,107.0,142.0,65.0,21.763884457207237,205.83870967741936,266.0,129.0,29.06451612903226,8.67741935483871,1.0819354838709676,60.806451612903224,247.32258064516128,316,24.721612903225807,0.0,41.15870967741936,2022-03-01
ITO,107.51612903225806,148.0,64.0,21.529624501667364,205.03225806451613,262.0,145.0,27.70967741935484,8.709677419354838,1.1848387096774193,57.935483870967744,248.8709677419355,321,24.721612903225807,0.0,41.15870967741936,2022-03-01
Lodhi Road,93.67096774193548,125.05,53.6,16.947633926271973,172.63709677419354,226.3,100.9,24.161290322580644,7.193548387096774,1.058064516129032,60.25806451612903,211.1290322580645,303,24.721612903225807,0.0,41.15870967741936,2022-03-01
Punjabi Bagh,109.70967741935483,146.0,65.0,21.655166509614748,204.80645161290323,257.0,130.0,29.322580645161292,8.774193548387096,1.247741935483871,57.03225806451613,254.83870967741936,320,24.721612903225807,0.0,41.15870967741936,2022-03-01
RK Puram,107.7741935483871,157.0,73.0,21.302127714416,209.41935483870967,261.0,136.0,28.129032258064516,8.193548387096774,1.193225806451613,57.064516129032256,248.41935483870967,328,24.721612903225807,0.0,41.15870967741936,2022-03-01
Anand Vihar,126.01333333333334,165.6,75.0,21.99585749923009,218.03333333333333,289.6,154.4,31.233333333333334,9.7,1.4006666666666667,56.3,289.5,335,32.677,0.6,17.028666666666666,2022-04-01
Dwarka,101.06666666666666,147.0,56.0,19.43500810984871,187.1,251.0,138.0,26.8,8.333333333333334,1.1256666666666666,61.93333333333333,232.46666666666667,320,32.677,0.6,17.028666666666666,2022-04-01
ITO,106.16666666666667,155.0,62.0,21.07962463405465,191.03333333333333,259.0,122.0,29.2,9.366666666666667,1.0893333333333333,58.666666666666664,245.63333333333333,326,32.677,0.6,17.028666666666666,2022-04-01
Lodhi Road,86.19833333333332,115.9,58.75,16.492827507598637,157.78333333333333,216.55,95.4,23.066666666666666,7.0,1.025,63.0,186.93333333333334,286,32.677,0.6,17.028666666666666,2022-04-01
Punjabi Bagh,105.36666666666666,143.0,62.0,17.113179702797193,189.16666666666666,250.0,133.0,27.666666666666668,8.4,1.1613333333333336,58.03333333333333,247.16666666666666,317,32.677,0.6,17.028666666666666,2022-04-01
RK Puram,103.86666666666666,137.0,61.0,19.4311043456607,191.1,255.0,131.0,28.333333333333332,8.166666666666666,1.175,57.8,242.1,313,32.677,0.6,17.028666666666666,2022-04-01
Anand Vihar,133.23870967741934,160.2,75.4,23.617192571223118,224.21290322580646,302.8,146.0,35.096774193548384,10.419354838709678,1.4538709677419355,50.58064516129032,296.5483870967742,330,35.17322580645161,40.51,25.56096774193548,2022-05-01
Dwarka,113.06451612903226,149.0,60.0,21.826490760649804,184.7741935483871,249.0,135.0,30.0,8.709677419354838,1.1858064516129032,53.96774193548387,263.741935483871,322,35.17322580645161,40.51,25.56096774193548,2022-05-01
ITO,108.2258064516129,152.0,57.0,23.256124178976105,184.41935483870967,232.0,139.0,27.677419354838708,8.225806451612904,1.125483870967742,55.516129032258064,248.8709677419355,324,35.17322580645161,40.51,25.56096774193548,2022-05-01
Lodhi Road,92.25645161290322,131.9,58.45,19.09697071062792,154.8967741935484,203.9,111.05,24.580645161290324,7.580645161290323,1.072258064516129,62.70967741935484,206.09677419354838,309,35.17322580645161,40.51,25.56096774193548,2022-05-01
Punjabi Bagh,109.12903225806451,139.0,58.0,21.69906593302097,186.41935483870967,261.0,126.0,29.193548387096776,9.419354838709678,1.156774193548387,59.806451612903224,254.74193548387098,314,35.17322580645161,40.51,25.56096774193548,2022-05-01
RK Puram,108.6774193548387,152.0,61.0,23.225542113191096,187.6451612903226,261.0,125.0,28.483870967741936,8.806451612903226,1.223225806451613,59.903225806451616,251.80645161290323,324,35.17322580645161,40.51,25.56096774193548,2022-05-01
Anand Vihar,126.69333333333334,181.4,72.4,27.227457405744097,217.36666666666667,300.2,164.4,32.666666666666664,10.0,1.398,55.56666666666667,284.3,347,35.79533333333333,73.68,32.945,2022-06-01
Dwarka,105.83333333333333,136.0,70.0,20.12389784231216,188.83333333333334,256.0,112.0,26.8,8.466666666666667,1.2023333333333333,54.93333333333333,246.93333333333334,312,35.79533333333333,73.68,32.945,2022-06-01
ITO,103.73333333333333,158.0,62.0,22.877384305109672,184.06666666666666,231.0,125.0,27.333333333333332,7.766666666666667,1.1043333333333334,59.2,237.13333333333333,329,35.79533333333333,73.68,32.945,2022-06-01
Lodhi Road,90.23,132.15,54.55,19.670797540060974,158.35833333333332,202.25,107.45,22.7,7.166666666666667,0.9873333333333334,60.2,198.73333333333332,309,35.79533333333333,73.68,32.945,2022-06-01
Punjabi Bagh,106.83333333333333,152.0,66.0,19.196054431760878,186.33333333333334,255.0,128.0,27.733333333333334,8.433333333333334,1.1163333333333334,54.5,249.1,324,35.79533333333333,73.68,32.945,2022-06-01
RK Puram,108.16666666666667,150.0,71.0,22.357723857583398,180.73333333333332,239.0,120.0,30.2,8.666666666666666,1.2273333333333334,57.333333333333336,248.7,323,35.79533333333333,73.68,32.945,2022-06-01
Anand Vihar,78.56774193548387,125.8,37.8,23.69512449283993,126.0516129032258,184.0,65.0,20.677419354838708,6.967741935483871,0.9038709677419354,64.0,165.96774193548387,304,32.02483870967742,198.72,65.3083870967742,2022-07-01
Dwarka,61.74193548387097,100.0,28.0,21.113925486805282,101.25806451612904,154.0,53.0,17.451612903225808,5.354838709677419,0.7238709677419355,67.19354838709677,118.61290322580645,233,32.02483870967742,198.72,65.3083870967742,2022-07-01
ITO,61.774193548387096,105.0,32.0,21.06135430501302,105.48387096774194,164.0,54.0,16.741935483870968,5.225806451612903,0.7793548387096775,64.45161290322581,119.09677419354838,250,32.02483870967742,198.72,65.3083870967742,2022-07-01
Lodhi Road,56.18709677419355,89.95,22.55,17.97183429583606,90.8483870967742,145.45,42.5,15.806451612903226,4.67741935483871,0.697741935483871,67.80645161290323,102.12903225806451,199,32.02483870967742,198.72,65.3083870967742,2022-07-01
Punjabi Bagh,63.935483870967744,104.0,29.0,19.522526277561123,109.80645161290323,156.0,68.0,16.806451612903224,4.903225806451613,0.7858064516129032,63.25806451612903,122.6774193548387,246,32.02483870967742,198.72,65.3083870967742,2022-07-01
RK Puram,64.0,106.0,30.0,21.380676634132357,102.70967741935483,153.0,45.0,17.548387096774192,5.451612903225806,0.8222580645161292,66.16129032258064,124.12903225806451,253,32.02483870967742,198.72,65.3083870967742,2022-07-01
Anand Vihar,70.60645161290323,107.4,33.0,20.51077660619527,124.0516129032258,183.2,56.0,18.967741935483872,5.064516129032258,0.8219354838709677,63.29032258064516,142.41935483870967,258,30.241290322580646,65.1,70.4841935483871,2022-08-01
Dwarka,57.74193548387097,100.0,32.0,17.49279421540097,103.12903225806451,156.0,57.0,15.0,4.774193548387097,0.7183870967741935,64.80645161290323,106.41935483870968,233,30.241290322580646,65.1,70.4841935483871,2022-08-01
ITO,57.74193548387097,102.0,24.0,16.685258447574782,103.35483870967742,163.0,55.0,14.709677419354838,4.741935483870968,0.7516129032258064,67.41935483870968,105.19354838709677,240,30.241290322580646,65.1,70.4841935483871,2022-08-01
Lodhi Road,51.88387096774194,86.1,18.55,15.590298196297027,86.0983870967742,133.25,38.75,16.451612903225808,4.387096774193548,0.67,71.06451612903226,90.96774193548387,187,30.241290322580646,65.1,70.4841935483871,2022-08-01
Punjabi Bagh,59.38709677419355,103.0,28.0,18.110176548660586,108.12903225806451,162.0,63.0,16.29032258064516,4.451612903225806,0.6929032258064516,65.2258064516129,109.7741935483871,243,30.241290322580646,65.1,70.4841935483871,2022-08-01
RK Puram,60.935483870967744,96.0,25.0,19.835885803043883,103.3225806451613,151.0,56.0,16.806451612903224,4.774193548387097,0.7180645161290323,67.29032258064517,116.35483870967742,220,30.241290322580646,65.1,70.4841935483871,2022-08-01
Anand Vihar,76.55333333333333,116.4,34.0,21.800201412124512,128.69333333333333,191.4,60.6,19.766666666666666,6.266666666666667,0.8756666666666667,64.73333333333333,158.46666666666667,288,29.663666666666664,214.73,68.22633333333333,2022-09-01
Dwarka,61.03333333333333,97.0,20.0,22.975974458091017,109.36666666666666,157.0,62.0,15.133333333333333,4.533333333333333,0.699,66.4,118.33333333333333,223,29.663666666666664,214.73,68.22633333333333,2022-09-01
ITO,61.266666666666666,101.0,25.0,20.560983025830883,102.56666666666666,162.0,58.0,17.566666666666666,5.066666666666666,0.7406666666666666,65.3,116.26666666666667,236,29.663666666666664,214.73,68.22633333333333,2022-09-01
Lodhi Road,51.89333333333333,80.95,17.7,19.639934393691487,95.655,136.2,58.55,14.4,4.466666666666667,0.6923333333333334,67.56666666666666,93.33333333333333,169,29.663666666666664,214.73,68.22633333333333,2022-09-01
Punjabi Bagh,59.46666666666667,96.0,24.0,19.669218614869795,99.6,149.0,44.0,16.1,4.866666666666666,0.7846666666666666,65.3,111.93333333333334,220,29.663666666666664,214.73,68.22633333333333,2022-09-01
RK Puram,58.733333333333334,93.0,23.0,19.847580124075815,110.9,165.0,52.0,17.5,4.766666666666667,0.725,65.83333333333333,110.03333333333333,210,29.663666666666664,214.73,68.22633333333333,2022-09-01
Anand Vihar,151.1032258064516,195.0,101.8,26.907984984275178,264.5483870967742,347.2,198.0,39.12903225806452,11.806451612903226,1.560967741935484,50.67741935483871,319.741935483871,357,23.74225806451613,95.66,68.44903225806452,2022-10-01
Dwarka,122.38709677419355,184.0,86.0,25.700424664915346,226.80645161290323,293.0,149.0,33.67741935483871,9.870967741935484,1.3029032258064517,55.61290322580645,276.2903225806452,349,23.74225806451613,95.66,68.44903225806452,2022-10-01
ITO,126.41935483870968,184.0,82.0,25.169789025136712,213.83870967741936,282.0,150.0,34.32258064516129,10.03225806451613,1.3116129032258064,52.193548387096776,287.16129032258067,349,23.74225806451613,95.66,68.44903225806452,2022-10-01
Lodhi Road,102.76129032258065,161.65,65.9,24.470654907723723,185.7983870967742,254.1,132.25,25.806451612903224,8.903225806451612,1.1774193548387097,58.58064516129032,230.61290322580646,332,23.74225806451613,95.66,68.44903225806452,2022-10-01
Punjabi Bagh,125.64516129032258,174.0,86.0,23.43295170921605,222.09677419354838,292.0,149.0,33.61290322580645,10.451612903225806,1.3435483870967742,52.38709677419355,287.4193548387097,341,23.74225806451613,95.66,68.44903225806452,2022-10-01
RK Puram,124.58064516129032,162.0,89.0,19.976276252175374,220.19354838709677,281.0,150.0,32.32258064516129,10.193548387096774,1.369032258064516,54.16129032258065,286.96774193548384,332,23.74225806451613,95.66,68.44903225806452,2022-10-01
Anand Vihar,186.82000000000002,238.4,137.6,29.3065768774837,312.31333333333333,396.8,225.6,48.43333333333333,14.1,1.9273333333333333,41.333333333333336,350.96666666666664,391,19.250666666666667,0.03,60.934333333333335,2022-11-01
Dwarka,161.33333333333334,207.0,106.0,26.169649877532635,260.4,346.0,199.0,41.833333333333336,13.3,1.7703333333333333,47.6,329.5,366,19.250666666666667,0.03,60.934333333333335,2022-11-01
ITO,155.93333333333334,203.0,113.0,22.80189546466717,256.1,346.0,184.0,39.9,12.3,1.6806666666666668,50.333333333333336,326.46666666666664,363,19.250666666666667,0.03,60.934333333333335,2022-11-01
Lodhi Road,135.20166666666668,179.45,89.8,24.091479690508034,220.93166666666667,276.15,166.7,35.56666666666667,10.933333333333334,1.4883333333333333,50.1,301.6,345,19.250666666666667,0.03,60.934333333333335,2022-11-01
Punjabi Bagh,156.06666666666666,213.0,108.0,25.620483902578787,257.26666666666665,341.0,179.0,41.233333333333334,11.766666666666667,1.605,49.233333333333334,325.8666666666667,371,19.250666666666667,0.03,60.934333333333335,2022-11-01
RK Puram,159.3,208.0,112.0,24.929071797595174,253.63333333333333,328.0,186.0,41.36666666666667,13.2,1.688,46.266666666666666,328.6,367,19.250666666666667,0.03,60.934333333333335,2022-11-01
Anand Vihar,197.32258064516128,253.2,135.4,31.866708957546052,318.35483870967744,403.6,239.2,50.483870967741936,15.580645161290322,2.028709677419355,38.806451612903224,359.0,402,14.71774193548387,0.01,51.00516129032258,2022-12-01
Dwarka,165.09677419354838,212.0,109.0,28.192617046205175,266.7741935483871,339.0,191.0,42.74193548387097,14.290322580645162,1.823225806451613,46.38709677419355,332.96774193548384,370,14.71774193548387,0.01,51.00516129032258,2022-12-01
ITO,160.93548387096774,208.0,115.0,26.145663099732833,262.6774193548387,344.0,189.0,41.03225806451613,13.64516129032258,1.8093548387096774,46.064516129032256,330.48387096774195,367,14.71774193548387,0.01,51.00516129032258,2022-12-01
Lodhi Road,138.80645161290323,178.2,100.75,22.242731928787748,229.1048387096774,305.8,154.35,34.516129032258064,11.32258064516129,1.4548387096774194,52.16129032258065,307.8709677419355,344,14.71774193548387,0.01,51.00516129032258,2022-12-01
Punjabi Bagh,160.29032258064515,197.0,109.0,22.31620270623581,265.64516129032256,348.0,174.0,41.54838709677419,12.709677419354838,1.713548387096774,47.96774193548387,329.64516129032256,359,14.71774193548387,0.01,51.00516129032258,2022-12-01
RK Puram,161.6451612903226,205.0,116.0,26.50100424147077,266.93548387096774,342.0,197.0,42.645161290322584,12.870967741935484,1.7664516129032257,47.38709677419355,331.19354838709677,365,14.71774193548387,0.01,51.00516129032258,2022-12-01
Anand Vihar,193.29677419354837,243.6,131.2,32.91224173334261,319.5225806451613,415.6,240.2,49.645161290322584,15.419354838709678,2.02,41.41935483870968,355.9032258064516,395,12.16741935483871,36.120000000000005,52.37032258064516,2023-01-01
Dwarka,161.67741935483872,214.0,106.0,29.835534849989635,260.16129032258067,333.0,195.0,41.645161290322584,12.516129032258064,1.7045161290322581,47.41935483870968,329.258064516129,372,12.16741935483871,36.120000000000005,52.37032258064516,2023-01-01
ITO,156.19354838709677,203.0,107.0,24.274018146760277,262.0967741935484,335.0,187.0,40.903225806451616,12.96774193548387,1.6458064516129032,49.70967741935484,325.61290322580646,363,12.16741935483871,36.120000000000005,52.37032258064516,2023-01-01
Lodhi Road,135.64032258064518,184.3,87.7,25.10786868478631,221.00322580645164,285.25,142.55,34.87096774193548,10.709677419354838,1.4561290322580644,51.645161290322584,302.1290322580645,349,12.16741935483871,36.120000000000005,52.37032258064516,2023-01-01
Punjabi Bagh,160.25806451612902,212.0,101.0,27.972567206622852,262.4516129032258,332.0,189.0,40.67741935483871,12.419354838709678,1.7329032258064516,47.61290322580645,328.2903225806452,370,12.16741935483871,36.120000000000005,52.37032258064516,2023-01-01
RK Puram,164.1290322580645,210.0,114.0,26.1989082921202,264.4516129032258,342.0,189.0,43.483870967741936,13.258064516129032,1.7325806451612904,44.16129032258065,332.7741935483871,369,12.16741935483871,36.120000000000005,52.37032258064516,2023-01-01
Anand Vihar,193.12857142857143,233.6,138.0,27.72388804359823,334.87142857142857,396.0,241.6,48.892857142857146,15.821428571428571,1.9907142857142854,42.0,355.67857142857144,387,18.815357142857145,0.0,39.895357142857144,2023-02-01
Dwarka,163.0,209.0,110.0,26.68471611379957,276.39285714285717,333.0,190.0,42.035714285714285,12.892857142857142,1.6296428571428572,49.25,331.64285714285717,368,18.815357142857145,0.0,39.895357142857144,2023-02-01
ITO,158.07142857142858,208.0,111.0,28.31166304811967,275.57142857142856,326.0,191.0,41.392857142857146,13.0,1.6892857142857143,45.392857142857146,327.9642857142857,367,18.815357142857145,0.0,39.895357142857144,2023-02-01
Lodhi Road,137.60892857142858,185.15,90.25,25.948713853703346,231.75714285714284,278.8,167.5,36.142857142857146,10.678571428571429,1.4757142857142858,49.964285714285715,303.89285714285717,350,18.815357142857145,0.0,39.895357142857144,2023-02-01
Punjabi Bagh,158.53571428571428,215.0,104.0,28.34768544063643,278.14285714285717,339.0,185.0,40.785714285714285,13.428571428571429,1.8078571428571428,47.535714285714285,326.60714285714283,373,18.815357142857145,0.0,39.895357142857144,2023-02-01
RK Puram,158.10714285714286,197.0,117.0,22.813802329282534,279.60714285714283,329.0,200.0,40.892857142857146,12.357142857142858,1.6639285714285712,48.214285714285715,328.60714285714283,359,18.815357142857145,0.0,39.895357142857144,2023-02-01
Anand Vihar,121.90967741935484,178.4,88.2,24.17077236165903,221.46451612903223,280.6,156.0,31.516129032258064,10.03225806451613,1.3277419354838709,53.25806451612903,278.16129032258067,344,23.450322580645164,64.28,44.91161290322581,2023-03-01
Dwarka,104.48387096774194,156.0,58.0,24.882217167744432,182.7741935483871,253.0,113.0,27.29032258064516,7.838709677419355,1.168709677419355,60.54838709677419,237.2258064516129,327,23.450322580645164,64.28,44.91161290322581,2023-03-01
ITO,99.45161290322581,148.0,60.0,21.35390473219893,185.51612903225808,250.0,123.0,25.451612903225808,8.225806451612904,1.0925806451612903,59.064516129032256,225.03225806451613,321,23.450322580645164,64.28,44.91161290322581,2023-03-01
Lodhi Road,86.51129032258065,125.35,54.45,20.301226193169626,159.3774193548387,216.5,99.95,24.032258064516128,6.967741935483871,1.0996774193548389,62.645161290322584,187.74193548387098,304,23.450322580645164,64.28,44.91161290322581,2023-03-01
Punjabi Bagh,104.45161290322581,154.0,62.0,22.276802148838478,188.2258064516129,253.0,123.0,27.483870967741936,8.129032258064516,1.1264516129032258,58.74193548387097,240.25806451612902,326,23.450322580645164,64.28,44.91161290322581,2023-03-01
RK Puram,99.38709677419355,140.0,59.0,21.45953932303742,189.0,250.0,114.0,25.70967741935484,8.419354838709678,1.0696774193548388,56.96774193548387,226.61290322580646,315,23.450322580645164,64.28,44.91161290322581,2023-03-01
Anand Vihar,126.73333333333333,182.2,79.2,27.180385084345904,219.75333333333336,290.0,157.0,33.333333333333336,10.233333333333333,1.381,54.43333333333333,284.6666666666667,347,27.663,14.59,36.97633333333333,2023-04-01
Dwarka,106.33333333333333,153.0,60.0,23.862152016332786,180.93333333333334,250.0,126.0,27.633333333333333,7.3,1.1943333333333332,56.46666666666667,242.0,325,27.663,14.59,36.97633333333333,2023-04-01
ITO,105.3,155.0,60.0,22.6672329205808,183.7,244.0,146.0,28.0,8.666666666666666,1.1636666666666666,59.0,241.73333333333332,326,27.663,14.59,36.97633333333333,2023-04-01
Lodhi Road,91.29166666666667,124.6,53.55,15.677158231959163,161.49333333333334,228.75,107.5,22.333333333333332,6.833333333333333,0.9853333333333333,60.36666666666667,203.73333333333332,303,27.663,14.59,36.97633333333333,2023-04-01
Punjabi Bagh,108.66666666666667,148.0,59.0,22.338050625493857,182.83333333333334,250.0,139.0,27.233333333333334,8.566666666666666,1.1653333333333333,56.56666666666667,250.5,321,27.663,14.59,36.97633333333333,2023-04-01
RK Puram,104.53333333333333,138.0,68.0,21.645630813938716,178.33333333333334,239.0,128.0,28.733333333333334,8.166666666666666,1.1303333333333332,59.9,240.06666666666666,313,27.663,14.59,36.97633333333333,2023-04-01
Anand Vihar,131.6,166.4,92.6,19.338665931237344,227.55483870967743,301.4,141.4,34.25806451612903,9.67741935483871,1.4016129032258065,51.03225806451613,299.4193548387097,335,30.85967741935484,79.65,38.71193548387097,2023-05-01
Dwarka,113.38709677419355,151.0,80.0,19.6632947719939,191.03225806451613,249.0,133.0,29.677419354838708,9.161290322580646,1.3229032258064515,52.806451612903224,263.4193548387097,323,30.85967741935484,79.65,38.71193548387097,2023-05-01
ITO,112.16129032258064,140.0,73.0,16.595374404119458,188.38709677419354,257.0,112.0,29.93548387096774,8.451612903225806,1.1845161290322581,56.806451612903224,264.3225806451613,315,30.85967741935484,79.65,38.71193548387097,2023-05-01
Lodhi Road,90.70322580645161,115.8,56.5,15.84875355500589,155.93870967741935,216.8,103.5,24.612903225806452,7.0,1.0451612903225806,60.225806451612904,202.09677419354838,286,30.85967741935484,79.65,38.71193548387097,2023-05-01
Punjabi Bagh,108.58064516129032,140.0,60.0,16.73075848758485,188.74193548387098,264.0,125.0,28.516129032258064,8.96774193548387,1.1796774193548387,56.193548387096776,255.7741935483871,315,30.85967741935484,79.65,38.71193548387097,2023-05-01
RK Puram,109.7741935483871,145.0,73.0,18.661385581675255,189.06451612903226,261.0,130.0,29.387096774193548,9.35483870967742,1.1593548387096773,57.064516129032256,256.93548387096774,319,30.85967741935484,79.65,38.71193548387097,2023-05-01
Anand Vihar,129.29333333333335,174.6,87.4,27.830805721833432,225.90666666666667,309.8,150.0,34.36666666666667,10.066666666666666,1.4156666666666666,56.4,286.2,342,33.07033333333333,107.75999999999999,49.617333333333335,2023-06-01
Dwarka,107.13333333333334,149.0,57.0,23.868509528800423,188.93333333333334,243.0,121.0,28.666666666666668,9.833333333333334,1.1636666666666668,58.06666666666667,244.03333333333333,322,33.07033333333333,107.75999999999999,49.617333333333335,2023-06-01
ITO,106.5,145.0,57.0,22.968869487139358,188.33333333333334,255.0,139.0,26.7,7.733333333333333,1.174,55.96666666666667,246.83333333333334,319,33.07033333333333,107.75999999999999,49.617333333333335,2023-06-01
Lodhi Road,87.205,127.3,46.45,21.47136164032582,156.9116666666667,221.15,108.0,23.1,6.766666666666667,0.962,65.46666666666667,191.26666666666668,305,33.07033333333333,107.75999999999999,49.617333333333335,2023-06-01
Punjabi Bagh,106.96666666666667,156.0,64.0,22.66469734514729,184.8,237.0,125.0,26.666666666666668,9.3,1.1956666666666667,58.9,245.03333333333333,327,33.07033333333333,107.75999999999999,49.617333333333335,2023-06-01
RK Puram,108.7,150.0,77.0,22.081588523567277,190.1,258.0,142.0,27.933333333333334,8.633333333333333,1.1823333333333332,59.1,250.7,323,33.07033333333333,107.75999999999999,49.617333333333335,2023-06-01
Anand Vihar,76.4258064516129,122.4,37.0,22.23970874722262,122.00645161290322,178.8,67.8,21.516129032258064,5.580645161290323,0.9319354838709678,64.70967741935483,158.7741935483871,301,30.571290322580648,269.36,75.90870967741935,2023-07-01
Dwarka,63.70967741935484,101.0,28.0,19.528088400023687,106.03225806451613,149.0,58.0,17.483870967741936,5.709677419354839,0.7461290322580645,69.06451612903226,122.90322580645162,236,30.571290322580648,269.36,75.90870967741935,2023-07-01
ITO,59.87096774193548,99.0,20.0,18.069757304188066,96.64516129032258,149.0,50.0,16.096774193548388,5.129032258064516,0.7329032258064516,65.38709677419355,110.74193548387096,230,30.571290322580648,269.36,75.90870967741935,2023-07-01
Lodhi Road,54.76935483870968,84.55,19.0,16.60401897844492,87.10806451612903,131.9,47.25,15.838709677419354,4.32258064516129,0.6870967741935484,66.74193548387096,97.6774193548387,181,30.571290322580648,269.36,75.90870967741935,2023-07-01
Punjabi Bagh,68.35483870967742,101.0,33.0,16.570150647266853,100.96774193548387,150.0,42.0,18.903225806451612,5.129032258064516,0.8051612903225807,64.70967741935483,133.80645161290323,236,30.571290322580648,269.36,75.90870967741935,2023-07-01
RK Puram,62.193548387096776,103.0,21.0,19.781168409775844,108.83870967741936,148.0,55.0,16.193548387096776,5.064516129032258,0.7461290322580645,66.35483870967742,117.61290322580645,243,30.571290322580648,269.36,75.90870967741935,2023-07-01
Anand Vihar,70.87741935483871,117.4,34.4,22.817693568477647,126.3483870967742,190.0,57.2,20.548387096774192,5.0,0.7906451612903226,65.70967741935483,143.19354838709677,291,30.171290322580646,114.29,73.8483870967742,2023-08-01
Dwarka,60.0,95.0,20.0,20.25997696609418,105.35483870967742,139.0,57.0,16.419354838709676,4.903225806451613,0.7612903225806452,66.03225806451613,113.45161290322581,216,30.171290322580646,114.29,73.8483870967742,2023-08-01
ITO,61.193548387096776,92.0,29.0,17.89305145363922,105.2258064516129,155.0,57.0,16.35483870967742,5.354838709677419,0.8196774193548387,66.3225806451613,114.70967741935483,206,30.171290322580646,114.29,73.8483870967742,2023-08-01
Lodhi Road,51.20483870967742,89.55,14.0,19.97809781918985,93.03709677419356,140.05,54.8,14.387096774193548,4.225806451612903,0.6906451612903226,68.35483870967742,92.25806451612904,198,30.171290322580646,114.29,73.8483870967742,2023-08-01
Punjabi Bagh,57.12903225806452,98.0,23.0,18.295248810340297,102.03225806451613,152.0,53.0,15.935483870967742,4.903225806451613,0.7293548387096774,68.58064516129032,104.58064516129032,226,30.171290322580646,114.29,73.8483870967742,2023-08-01
RK Puram,59.16129032258065,104.0,22.0,20.89991511018414,104.64516129032258,159.0,60.0,17.93548387096774,5.483870967741935,0.6880645161290323,68.61290322580645,112.12903225806451,246,30.171290322580646,114.29,73.8483870967742,2023-08-01
Anand Vihar,74.5,111.2,30.0,21.347163261434638,130.08,193.6,67.0,20.3,6.166666666666667,0.8183333333333334,64.9,153.83333333333334,270,29.383666666666667,79.79,68.53666666666666,2023-09-01
Dwarka,58.9,91.0,25.0,16.770972459621397,108.0,149.0,55.0,16.566666666666666,4.633333333333334,0.7646666666666667,69.63333333333334,108.23333333333333,203,29.383666666666667,79.79,68.53666666666666,2023-09-01
ITO,63.46666666666667,105.0,34.0,19.53905608374361,107.16666666666667,165.0,53.0,17.5,5.7,0.7756666666666666,66.86666666666666,121.23333333333333,250,29.383666666666667,79.79,68.53666666666666,2023-09-01
Lodhi Road,53.233333333333334,86.95,27.0,15.025497486361099,95.39833333333333,135.45,51.25,15.833333333333334,4.866666666666666,0.745,66.1,93.76666666666667,189,29.383666666666667,79.79,68.53666666666666,2023-09-01
Punjabi Bagh,62.8,100.0,28.0,19.241478185384324,106.73333333333333,156.0,56.0,17.8,5.7,0.7313333333333334,67.73333333333333,119.16666666666667,233,29.383666666666667,79.79,68.53666666666666,2023-09-01
RK Puram,63.5,104.0,27.0,20.382125367163223,101.9,153.0,58.0,16.633333333333333,5.0,0.771,63.56666666666667,121.8,246,29.383666666666667,79.79,68.53666666666666,2023-09-01
Anand Vihar,160.01290322580644,199.2,88.0,31.89808502021695,256.0,343.4,171.8,41.38709677419355,13.290322580645162,1.6780645161290324,46.03225806451613,325.2903225806452,360,25.548709677419353,7.959999999999999,51.31903225806452,2023-10-01
Dwarka,132.41935483870967,179.0,73.0,32.40964279711455,212.70967741935485,285.0,140.0,33.61290322580645,10.612903225806452,1.3693548387096774,52.193548387096776,285.80645161290323,345,25.548709677419353,7.959999999999999,51.31903225806452,2023-10-01
ITO,135.1290322580645,171.0,81.0,26.342287847342682,209.8709677419355,289.0,138.0,34.67741935483871,10.903225806451612,1.4703225806451612,54.903225806451616,297.6774193548387,339,25.548709677419353,7.959999999999999,51.31903225806452,2023-10-01
Lodhi Road,114.68387096774192,155.85,73.4,24.69440688056297,180.25806451612902,251.4,115.1,30.548387096774192,8.96774193548387,1.219032258064516,56.483870967741936,261.741935483871,327,25.548709677419353,7.959999999999999,51.31903225806452,2023-10-01
Punjabi Bagh,127.64516129032258,173.0,70.0,28.159721100769413,211.32258064516128,291.0,149.0,33.83870967741935,10.64516129032258,1.385483870967742,52.70967741935484,281.93548387096774,340,25.548709677419353,7.959999999999999,51.31903225806452,2023-10-01
RK Puram,131.51612903225808,174.0,71.0,29.823783537910288,212.74193548387098,288.0,136.0,34.354838709677416,10.903225806451612,1.3309677419354837,54.03225806451613,287.80645161290323,341,25.548709677419353,7.959999999999999,51.31903225806452,2023-10-01
Anand Vihar,194.67333333333332,251.8,142.2,30.45872202057133,318.9933333333333,398.4,210.0,50.93333333333333,15.0,2.0406666666666666,39.03333333333333,357.0,401,20.474,9.43,51.432,2023-11-01
Dwarka,162.33333333333334,208.0,115.0,27.055923353412773,267.1333333333333,350.0,198.0,43.63333333333333,12.933333333333334,1.759,45.86666666666667,331.3666666666667,367,20.474,9.43,51.432,2023-11-01
ITO,164.13333333333333,214.0,126.0,27.495119734152855,270.46666666666664,339.0,181.0,42.733333333333334,13.066666666666666,1.7146666666666666,46.0,333.46666666666664,372,20.474,9.43,51.432,2023-11-01
Lodhi Road,138.47833333333335,179.3,98.1,22.08554560595331,224.94666666666666,305.95,154.0,35.666666666666664,11.5,1.4,51.13333333333333,305.03333333333336,345,20.474,9.43,51.432,2023-11-01
Punjabi Bagh,164.2,205.0,118.0,23.356901069838155,267.1666666666667,346.0,175.0,42.266666666666666,12.266666666666667,1.7089999999999999,47.36666666666667,333.3333333333333,365,20.474,9.43,51.432,2023-11-01
RK Puram,165.4,211.0,114.0,26.317163666479644,271.76666666666665,336.0,175.0,43.06666666666667,13.233333333333333,1.7463333333333333,44.1,333.6333333333333,370,20.474,9.43,51.432,2023-11-01
Anand Vihar,189.53548387096777,253.0,145.4,27.88439884460003,315.0193548387097,408.8,227.6,49.70967741935484,15.258064516129032,2.0264516129032257,38.483870967741936,353.0,402,15.787419354838711,0.5700000000000001,48.17258064516129,2023-12-01
Dwarka,162.19354838709677,205.0,111.0,26.282337991940146,263.6774193548387,337.0,205.0,41.03225806451613,13.193548387096774,1.7351612903225806,45.16129032258065,331.06451612903226,365,15.787419354838711,0.5700000000000001,48.17258064516129,2023-12-01
ITO,160.2258064516129,203.0,110.0,25.210724804362325,255.09677419354838,327.0,179.0,42.70967741935484,12.580645161290322,1.7532258064516129,49.0,329.6774193548387,363,15.787419354838711,0.5700000000000001,48.17258064516129,2023-12-01
Lodhi Road,138.5983870967742,180.75,102.4,23.692233199479,222.24354838709678,301.65,159.15,37.29032258064516,11.290322580645162,1.5177419354838708,53.903225806451616,306.258064516129,346,15.787419354838711,0.5700000000000001,48.17258064516129,2023-12-01
Punjabi Bagh,158.74193548387098,199.0,107.0,24.48260299605344,262.03225806451616,340.0,174.0,40.32258064516129,12.903225806451612,1.7129032258064516,48.16129032258065,327.35483870967744,360,15.787419354838711,0.5700000000000001,48.17258064516129,2023-12-01
RK Puram,160.83870967741936,210.0,109.0,29.131994752841248,263.3225806451613,344.0,183.0,42.806451612903224,12.64516129032258,1.709032258064516,45.0,329.96774193548384,369,15.787419354838711,0.5700000000000001,48.17258064516129,2023-12-01
Anand Vihar,187.56129032258065,252.0,133.4,35.47635529400162,330.46451612903223,415.2,226.8,48.67741935483871,15.419354838709678,1.964516129032258,40.16129032258065,351.5483870967742,401,,0.0,,2024-01-01
Dwarka,153.32258064516128,205.0,107.0,27.167857352361803,273.2903225806452,342.0,175.0,40.645161290322584,12.03225806451613,1.5974193548387094,48.096774193548384,323.258064516129,365,,0.0,,2024-01-01
ITO,155.90322580645162,213.0,106.0,31.15590349485383,278.7741935483871,345.0,186.0,39.806451612903224,12.290322580645162,1.5858064516129031,48.45161290322581,322.61290322580646,371,,0.0,,2024-01-01
Lodhi Road,132.9741935483871,174.75,91.95,25.633106428236328,239.71612903225807,297.1,170.4,34.45161290322581,10.064516129032258,1.431290322580645,53.935483870967744,295.6774193548387,342,,0.0,,2024-01-01
Punjabi Bagh,157.8709677419355,213.0,109.0,26.649255068367754,280.80645161290323,355.0,175.0,40.70967741935484,12.516129032258064,1.665483870967742,46.67741935483871,327.2903225806452,371,,0.0,,2024-01-01
RK Puram,157.67741935483872,210.0,107.0,28.216292098448122,278.16129032258067,352.0,187.0,40.38709677419355,12.129032258064516,1.7132258064516128,48.774193548387096,326.96774193548384,369,,0.0,,2024-01-01
Anand Vihar,190.66896551724136,242.2,133.6,36.16961139101912,324.66896551724136,400.0,239.6,49.03448275862069,14.89655172413793,1.9375862068965517,41.62068965517241,353.9655172413793,394,,0.0,,2024-02-01
Dwarka,160.58620689655172,203.0,124.0,27.719922234197394,263.17241379310343,326.0,190.0,42.6551724137931,12.241379310344827,1.7327586206896552,45.86206896551724,330.6551724137931,363,,0.0,,2024-02-01
ITO,157.31034482758622,205.0,107.0,27.959286022301207,267.86206896551727,340.0,198.0,41.3448275862069,12.862068965517242,1.7437931034482759,48.310344827586206,327.0689655172414,365,,0.0,,2024-02-01
Lodhi Road,137.38620689655173,179.35,105.2,23.280053143930676,230.80862068965516,300.0,160.55,36.48275862068966,11.137931034482758,1.4951724137931035,50.93103448275862,306.0344827586207,345,,0.0,,2024-02-01
Punjabi Bagh,158.89655172413794,205.0,105.0,30.89306998987013,270.2413793103448,344.0,178.0,41.58620689655172,12.586206896551724,1.7603448275862068,47.206896551724135,326.0,365,,0.0,,2024-02-01
RK Puram,159.79310344827587,206.0,108.0,31.46469598766305,266.0344827586207,345.0,182.0,41.55172413793103,12.689655172413794,1.7458620689655173,47.58620689655172,327.58620689655174,366,,0.0,,2024-02-01
Anand Vihar,125.1032258064516,173.8,82.2,25.50622778683627,230.63870967741937,304.0,140.0,32.70967741935484,9.96774193548387,1.3938709677419354,52.38709677419355,282.06451612903226,341,,0.0,,2024-03-01
Dwarka,111.12903225806451,147.0,58.0,25.087502779250958,194.25806451612902,257.0,142.0,28.70967741935484,8.741935483870968,1.2141935483870967,61.225806451612904,255.1290322580645,320,,0.0,,2024-03-01
ITO,104.96774193548387,148.0,66.0,20.395234526669448,193.58064516129033,261.0,131.0,27.258064516129032,8.290322580645162,1.1651612903225805,58.516129032258064,243.96774193548387,321,,0.0,,2024-03-01
Lodhi Road,91.56774193548387,127.65,54.75,19.471087747337492,161.77903225806452,213.95,107.0,24.741935483870968,7.580645161290323,1.0119354838709678,60.58064516129032,203.80645161290323,305,,0.0,,2024-03-01
Punjabi Bagh,105.09677419354838,138.0,62.0,20.769135495906223,192.03225806451613,259.0,114.0,28.516129032258064,8.709677419354838,1.1483870967741936,58.45161290322581,243.61290322580646,313,,0.0,,2024-03-01
RK Puram,108.19354838709677,141.0,64.0,23.031021622786238,192.2258064516129,260.0,126.0,28.806451612903224,8.419354838709678,1.2029032258064516,60.645161290322584,250.58064516129033,316,,0.0,,2024-03-01
Anand Vihar,128.10666666666665,175.0,88.2,22.920656747727072,219.74666666666664,302.2,144.0,32.233333333333334,9.833333333333334,1.4146666666666665,55.0,290.1333333333333,342,,0.0,,2024-04-01
Dwarka,107.23333333333333,149.0,58.0,21.57374415305812,181.23333333333332,254.0,121.0,28.5,8.466666666666667,1.1463333333333334,60.166666666666664,248.6,322,,0.0,,2024-04-01
ITO,109.86666666666666,151.0,67.0,23.746844920497566,183.26666666666668,258.0,119.0,29.6,9.066666666666666,1.2106666666666668,57.63333333333333,252.16666666666666,323,,0.0,,2024-04-01
Lodhi Road,93.49499999999999,132.9,49.3,21.00158594175606,156.28166666666667,221.6,103.25,25.1,7.0,0.9906666666666666,60.36666666666667,210.73333333333332,309,,0.0,,2024-04-01
Punjabi Bagh,107.66666666666667,145.0,61.0,24.611930571102743,189.0,263.0,128.0,28.333333333333332,8.166666666666666,1.161,57.93333333333333,246.06666666666666,319,,0.0,,2024-04-01
RK Puram,105.9,143.0,61.0,21.609943432883245,188.6,262.0,112.0,26.833333333333332,8.566666666666666,1.1146666666666667,58.266666666666666,246.33333333333334,317,,0.0,,2024-04-01
Anand Vihar,122.02580645161291,166.6,76.6,21.272062550709332,232.05806451612904,284.6,148.0,32.38709677419355,9.548387096774194,1.2912903225806451,55.12903225806452,282.0,335,,0.0,,2024-05-01
Dwarka,102.7741935483871,139.0,70.0,19.298894057120393,187.74193548387098,241.0,128.0,26.580645161290324,8.096774193548388,1.089032258064516,57.064516129032256,237.80645161290323,314,,0.0,,2024-05-01
ITO,102.51612903225806,135.0,59.0,20.61693635136242,190.61290322580646,244.0,141.0,27.258064516129032,8.064516129032258,1.1377419354838711,60.0,238.1290322580645,311,,0.0,,2024-05-01
Lodhi Road,86.01290322580645,118.65,49.3,18.247241653383924,163.46451612903223,212.55,107.0,22.64516129032258,6.935483870967742,0.9703225806451612,59.96774193548387,187.19354838709677,295,,0.0,,2024-05-01
Punjabi Bagh,104.06451612903226,145.0,77.0,18.04242312601233,190.51612903225808,228.0,125.0,27.64516129032258,8.32258064516129,1.133225806451613,57.225806451612904,240.2258064516129,319,,0.0,,2024-05-01
RK Puram,103.61290322580645,138.0,62.0,22.922590632175993,188.19354838709677,249.0,123.0,28.06451612903226,7.935483870967742,1.1329032258064515,57.25806451612903,237.80645161290323,313,,0.0,,2024-05-01
Anand Vihar,131.64,174.2,86.2,28.062413197776817,226.62,311.2,152.6,35.233333333333334,10.1,1.468,53.3,289.96666666666664,341,,0.0,,2024-06-01
Dwarka,111.7,154.0,56.0,26.856130103533733,180.23333333333332,250.0,117.0,30.433333333333334,9.9,1.194,60.06666666666667,253.13333333333333,326,,0.0,,2024-06-01
ITO,106.3,146.0,73.0,21.18253997989854,181.56666666666666,247.0,116.0,28.0,9.066666666666666,1.168,56.766666666666666,245.13333333333333,320,,0.0,,2024-06-01
Lodhi Road,92.02,128.6,56.4,17.500988149441635,154.26833333333335,207.05,106.7,24.833333333333332,7.066666666666666,1.0256666666666667,60.766666666666666,205.13333333333333,306,,0.0,,2024-06-01
Punjabi Bagh,112.93333333333334,148.0,84.0,18.220740992035704,187.0,244.0,124.0,29.466666666666665,8.833333333333334,1.2703333333333333,57.5,264.8333333333333,321,,0.0,,2024-06-01
RK Puram,109.93333333333334,153.0,70.0,21.312022401700283,183.76666666666668,255.0,124.0,29.066666666666666,9.266666666666667,1.1903333333333335,58.7,254.36666666666667,325,,0.0,,2024-06-01
Anand Vihar,78.50322580645161,124.6,45.6,21.923191432376928,126.47096774193548,179.8,68.6,20.35483870967742,6.064516129032258,0.8712903225806452,62.45161290322581,164.41935483870967,303,,0.0,,2024-07-01
Dwarka,60.32258064516129,89.0,31.0,18.05249215810049,95.0,141.0,48.0,17.419354838709676,4.709677419354839,0.7493548387096775,69.25806451612904,113.2258064516129,196,,0.0,,2024-07-01
ITO,64.54838709677419,98.0,37.0,16.035042271386793,102.80645161290323,135.0,58.0,16.258064516129032,5.225806451612903,0.7448387096774194,66.64516129032258,121.96774193548387,226,,0.0,,2024-07-01
Lodhi Road,56.832258064516125,90.25,28.5,16.262700413251878,84.8241935483871,123.9,51.05,14.96774193548387,4.451612903225806,0.7103225806451613,66.09677419354838,102.61290322580645,200,,0.0,,2024-07-01
Punjabi Bagh,64.35483870967742,97.0,39.0,17.00499610329618,101.93548387096774,154.0,71.0,17.387096774193548,4.096774193548387,0.7441935483870968,66.03225806451613,122.93548387096774,223,,0.0,,2024-07-01
RK Puram,63.03225806451613,104.0,28.0,21.041995898627334,96.90322580645162,140.0,67.0,18.516129032258064,4.806451612903226,0.7354838709677419,69.09677419354838,121.80645161290323,246,,0.0,,2024-07-01
Anand Vihar,70.1741935483871,113.2,30.4,19.418873426676697,134.0,187.0,80.4,18.70967741935484,5.354838709677419,0.8687096774193548,63.41935483870968,139.61290322580646,277,,0.0,,2024-08-01
Dwarka,59.064516129032256,95.0,23.0,17.953524229467163,109.45161290322581,154.0,44.0,15.32258064516129,5.290322580645161,0.7061290322580646,67.16129032258064,109.48387096774194,216,,0.0,,2024-08-01
ITO,58.38709677419355,92.0,24.0,17.816990803452825,110.64516129032258,156.0,71.0,16.096774193548388,5.32258064516129,0.7561290322580646,66.87096774193549,107.93548387096774,206,,0.0,,2024-08-01
Lodhi Road,54.60322580645161,88.95,19.4,17.583799056157115,94.41935483870968,142.75,46.8,15.096774193548388,4.774193548387097,0.7219354838709677,69.25806451612904,98.3225806451613,196,,0.0,,2024-08-01
Punjabi Bagh,59.45161290322581,102.0,23.0,17.63299692749821,113.58064516129032,159.0,47.0,15.709677419354838,4.290322580645161,0.765483870967742,67.58064516129032,108.7741935483871,240,,0.0,,2024-08-01
RK Puram,60.25806451612903,91.0,29.0,17.98511929704755,112.3225806451613,157.0,58.0,16.548387096774192,4.387096774193548,0.7890322580645162,68.2258064516129,113.0,203,,0.0,,2024-08-01
Anand Vihar,81.60666666666665,115.6,35.4,18.367023172792184,124.11999999999999,168.0,96.8,21.0,6.166666666666667,0.9136666666666666,61.233333333333334,173.73333333333332,285,,0.0,,2024-09-01
Dwarka,67.4,95.0,34.0,18.69464241895024,106.73333333333333,154.0,61.0,18.1,5.366666666666666,0.8193333333333332,67.5,132.23333333333332,216,,0.0,,2024-09-01
ITO,66.63333333333334,100.0,34.0,18.86884557500361,105.9,154.0,51.0,17.666666666666668,5.966666666666667,0.7843333333333333,64.8,129.46666666666667,233,,0.0,,2024-09-01
Lodhi Road,54.144999999999996,86.8,20.1,19.937217623121942,89.79333333333334,135.1,33.35,16.4,4.366666666666666,0.7376666666666666,68.0,99.33333333333333,189,,0.0,,2024-09-01
Punjabi Bagh,66.53333333333333,103.0,30.0,21.46807306023389,102.83333333333333,163.0,53.0,18.033333333333335,4.633333333333334,0.8013333333333333,63.733333333333334,131.73333333333332,243,,0.0,,2024-09-01
RK Puram,67.16666666666667,98.0,34.0,18.99924378410404,104.93333333333334,147.0,55.0,17.2,5.333333333333333,0.815,66.8,131.73333333333332,226,,0.0,,2024-09-01
Anand Vihar,143.9741935483871,203.4,92.2,28.97961315294985,251.36774193548385,331.6,170.6,37.064516129032256,11.709677419354838,1.5635483870967741,48.45161290322581,311.1290322580645,364,,0.0,,2024-10-01
Dwarka,121.06451612903226,185.0,79.0,28.028480139399836,209.16129032258064,271.0,135.0,31.193548387096776,9.580645161290322,1.2945161290322582,56.0,273.5806451612903,350,,0.0,,2024-10-01
ITO,119.35483870967742,180.0,76.0,28.569854027274708,208.74193548387098,275.0,167.0,32.38709677419355,8.870967741935484,1.3074193548387096,55.193548387096776,269.5806451612903,346,,0.0,,2024-10-01
Lodhi Road,106.63225806451612,158.95,69.2,23.771024197494086,182.9016129032258,248.8,110.55,28.93548387096774,8.419354838709678,1.2216129032258063,55.83870967741935,242.06451612903226,329,,0.0,,2024-10-01
Punjabi Bagh,120.83870967741936,174.0,71.0,28.319718423969242,202.80645161290323,296.0,144.0,31.258064516129032,9.03225806451613,1.3161290322580643,57.064516129032256,270.93548387096774,341,,0.0,,2024-10-01
RK Puram,120.35483870967742,166.0,72.0,24.97004657197202,209.70967741935485,290.0,145.0,32.41935483870968,9.129032258064516,1.2119354838709677,54.67741935483871,274.0967741935484,335,,0.0,,2024-10-01
Anand Vihar,189.17999999999998,250.4,145.0,25.449414328333233,314.0133333333333,395.0,232.6,49.56666666666667,15.3,2.056,42.56666666666667,352.76666666666665,400,,0.0,,2024-11-01
Dwarka,161.16666666666666,197.0,110.0,23.64548995902387,261.3666666666667,331.0,205.0,41.766666666666666,12.8,1.6933333333333331,47.2,330.4,359,,0.0,,2024-11-01
ITO,159.2,206.0,113.0,23.67946877316529,264.8333333333333,346.0,192.0,41.4,12.0,1.7280000000000002,46.96666666666667,329.03333333333336,366,,0.0,,2024-11-01
Lodhi Road,131.39833333333334,172.45,94.9,19.347054856209912,228.60666666666665,293.35,164.6,33.93333333333333,10.1,1.4186666666666667,52.666666666666664,299.0,340,,0.0,,2024-11-01
Punjabi Bagh,159.0,202.0,118.0,21.307275752662527,267.93333333333334,347.0,198.0,41.46666666666667,13.266666666666667,1.6913333333333334,47.333333333333336,329.3333333333333,363,,0.0,,2024-11-01
RK Puram,157.33333333333334,200.0,116.0,19.707049908394563,266.03333333333336,348.0,186.0,40.9,12.8,1.6239999999999999,46.833333333333336,327.8666666666667,361,,0.0,,2024-11-01
