date,meantemp_C,humidity,wind_speed_kmph,meanpressure
2013-01-01,20.0,60.0,13.7954076880894,1013
2013-01-02,20.172133561558347,60.344267123116694,14.636194147170471,1013
2013-01-03,20.344216116227457,60.688432232454915,12.611371890798775,1013
2013-01-04,20.51619667223254,61.03239334446508,13.90330985771445,1013
2013-01-05,20.6880242680232,61.3760485360464,13.030262380672426,1013
2013-01-06,20.859647987374466,61.71929597474893,10.559422912803045,1013
2013-01-07,21.031016974474348,62.062033948948695,11.142921293755899,1013
2013-01-08,21.202080448993527,62.404160897987055,13.785854047528598,1013
2013-01-09,21.37278772113265,62.7455754422653,13.24881884689895,1013
2013-01-10,21.54308820664281,63.08617641328562,14.816926526025213,1013
2013-01-11,21.712931441814774,63.42586288362955,12.546298255880865,1013
2013-01-12,21.882267098432443,63.764534196864886,11.404169471979479,1013
2013-01-13,22.05104499868619,64.10208999737239,13.78989484250102,1013
2013-01-14,22.219215130041654,64.43843026008331,12.28629362309752,1013
2013-01-15,22.3867276600595,64.773455320119,13.268317269451863,1013
2013-01-16,22.55353295116187,65.10706590232374,12.707868034957048,1013
2013-01-17,22.719581575341056,65.4391631506821,11.971607535787589,1013
2013-01-18,22.88482432880609,65.76964865761218,12.794921839732694,1013
2013-01-19,23.04921224656289,66.09842449312578,10.56944136735568,1013
2013-01-20,23.212696616923644,66.42539323384729,13.654565361569007,1013
2013-01-21,23.375228995941132,66.75045799188227,11.391979991007124,1013
2013-01-22,23.536761221763715,67.07352244352744,10.86661105569296,1013
2013-01-23,23.69724542890673,67.39449085781347,10.558540109231117,1013
2013-01-24,23.856634062436072,67.71326812487214,11.370095914003688,1013
2013-01-25,24.01487989205973,68.02975978411946,13.29833795006624,1013
2013-01-26,24.17193602612317,68.34387205224634,12.075695281556222,1013
2013-01-27,24.327755925504313,68.65551185100863,10.135381164471575,1013
2013-01-28,24.482293417404108,68.96458683480822,14.133738630594639,1013
2013-01-29,24.635502709028508,69.27100541805702,11.494586593512896,1013
2013-01-30,24.787338401157886,69.57467680231576,13.939989344692574,1013
2013-01-31,24.937755501599774,69.87551100319955,10.661035180928748,1013
2013-02-01,25.086709438521044,70.17341887704208,10.427858015339856,1013
2013-02-02,25.2341560736555,70.46831214731101,13.161206863401507,1013
2013-02-03,25.380051715382997,70.760103430766,13.49834436334784,1013
2013-02-04,25.524353131676197,71.04870626335239,14.805737630153702,1013
2013-02-05,25.667017562911177,71.33403512582235,14.947030206966808,1013
2013-02-06,25.808002734538007,71.61600546907601,12.154389845792196,1013
2013-02-07,25.947266869607635,71.89453373921526,14.801344437618589,1013
2013-02-08,26.084768701151262,72.16953740230252,12.044032956218029,1013
2013-02-09,26.220467484408676,72.44093496881734,14.77383535148257,1013
2013-02-10,26.354323008901773,72.70864601780355,14.494301220559336,1013
2013-02-11,26.486295610349814,72.97259122069963,13.180806278463207,1013
2013-02-12,26.61634618242278,73.23269236484556,12.96267771021985,1013
2013-02-13,26.744436188329455,73.4888723766589,10.551862824073542,1013
2013-02-14,26.87052767223667,73.74105534447334,12.163827917771899,1013
2013-02-15,26.994583270516472,73.98916654103294,11.378152483659822,1013
2013-02-16,27.116566222817745,74.23313244563549,11.242671443911629,1013
2013-02-17,27.236440382959124,74.47288076591825,12.414045232121714,1013
2013-02-18,27.354170229639855,74.70834045927971,12.625314349125617,1013
2013-02-19,27.469720876965553,74.9394417539311,13.83519155684358,1013
2013-02-20,27.583058084785623,75.16611616957125,13.147967376237835,1013
2013-02-21,27.694148268839378,75.38829653767876,14.45952820322633,1013
2013-02-22,27.802958510707754,75.60591702141551,12.790782994548428,1013
2013-02-23,27.909456567567773,75.81891313513555,10.432016038705099,1013
2013-02-24,28.013610881746764,76.02722176349353,10.53198449094014,1013
2013-02-25,28.11539059007361,76.23078118014722,12.775383952844436,1013
2013-02-26,28.214765533024142,76.42953106604828,11.609260010311507,1013
2013-02-27,28.311706263658078,76.62341252731616,11.192784821868077,1013
2013-02-28,28.406184056344784,76.81236811268957,11.785109556672937,1013
2013-03-01,28.498170915275278,76.99634183055056,11.996317539948656,1013
2013-03-02,28.58763958275803,77.17527916551606,10.259413657051049,1013
2013-03-03,28.674563547295968,77.34912709459194,13.223879299495788,1013
2013-03-04,28.75891705144243,77.51783410288486,12.944473956729293,1013
2013-03-05,28.840675099433636,77.68135019886728,11.30269279408968,1013
2013-03-06,28.919813464595485,77.83962692919097,13.842108000326387,1013
2013-03-07,28.996308696522433,77.99261739304487,12.650445850025555,1013
2013-03-08,29.070138128026358,78.14027625605272,13.309945019237947,1013
2013-03-09,29.141279881853336,78.28255976370667,10.012836434505537,1013
2013-03-10,29.209712877166346,78.41942575433269,13.781173143817158,1013
2013-03-11,29.275416835791965,78.55083367158393,11.05201528088406,1013
2013-03-12,29.33837228822925,78.6767445764585,13.224597688760056,1013
2013-03-13,29.398560579418955,78.79712115883791,11.822351013086418,1013
2013-03-14,29.455963874271426,78.91192774854285,13.815921332927381,1013
2013-03-15,29.510565162951536,79.02113032590307,10.575580553777382,1013
2013-03-16,29.562348265919056,79.12469653183811,12.160892904773677,1013
2013-03-17,29.611297838723008,79.22259567744601,10.175452318803789,1013
2013-03-18,29.657399376548547,79.3147987530971,13.053638379138254,1013
2013-03-19,29.70063921851507,79.40127843703014,12.329218940918034,1013
2013-03-20,29.741004551724203,79.4820091034484,14.77949798807218,1013
2013-03-21,29.77848341505657,79.55696683011314,14.639965068404805,1013
2013-03-22,29.813064702716094,79.62612940543218,14.322894102573976,1013
2013-03-23,29.844738167520923,79.68947633504185,14.571420027781484,1013
2013-03-24,29.873494423939864,79.74698884787972,13.037095028347188,1013
2013-03-25,29.89932495087353,79.79864990174707,14.43844827203904,1013
2013-03-26,29.92222209417932,79.84444418835864,13.885644252558825,1013
2013-03-27,29.94217906893952,79.88435813787905,11.191495619449286,1013
2013-03-28,29.95918996147179,79.91837992294359,10.79823810714661,1013
2013-03-29,29.973249731081555,79.9464994621631,14.936531680470917,1013
2013-03-30,29.98435421155564,79.96870842311128,13.838664635397343,1013
2013-03-31,29.992500112396833,79.98500022479367,14.037708457309085,1013
2013-04-01,29.997685019798908,79.99537003959782,12.19876725172026,1013
2013-04-02,29.999907397361902,79.9998147947238,10.279761225233013,1013
2013-04-03,29.99916658654738,79.99833317309475,12.026473873127232,1013
2013-04-04,29.995462806873572,79.99092561374715,11.796805049447116,1013
2013-04-05,29.988797155850335,79.97759431170067,14.15196769523184,1013
2013-04-06,29.97917160865392,79.95834321730784,14.640819645960779,1013
2013-04-07,29.9665890175417,79.9331780350834,11.328299071531621,1013
2013-04-08,29.951053111006978,79.90210622201396,13.438226130542608,1013
2013-04-09,29.932568492674143,79.86513698534829,12.083474755721959,1013
2013-04-10,29.911140639934548,79.82228127986909,12.63942374971584,1013
2013-04-11,29.886775902323407,79.77355180464681,11.1125655509437,1013
2013-04-12,29.859481499638306,79.71896299927661,14.43205228726906,1013
2013-04-13,29.829265519799822,79.65853103959964,13.918933868780217,1013
2013-04-14,29.7961369164549,79.5922738329098,11.141554058762974,1013
2013-04-15,29.760105506323683,79.52021101264737,14.007926618178619,1013
2013-04-16,29.721181966290615,79.44236393258123,11.862597501776676,1013
2013-04-17,29.67937783024064,79.35875566048128,12.693716984274456,1013
2013-04-18,29.63470548564149,79.26941097128298,10.387447981821587,1013
2013-04-19,29.587178169872963,79.17435633974593,13.560368670791892,1013
2013-04-20,29.536809966304457,79.07361993260892,10.868165360940488,1013
2013-04-21,29.483615800121715,78.96723160024342,13.933114778243105,1013
2013-04-22,29.427611433904207,78.85522286780841,12.771892515479419,1013
2013-04-23,29.368813462954314,78.73762692590863,10.454984117238881,1013
2013-04-24,29.307239310379792,78.61447862075958,14.18600984145432,1013
2013-04-25,29.242907221930935,78.48581444386187,10.224879325928722,1013
2013-04-26,29.175836260593936,78.35167252118788,10.478277236465413,1013
2013-04-27,29.10604630094216,78.21209260188432,12.555960894793612,1013
2013-04-28,29.033558023246847,78.0671160464937,13.982267538772936,1013
2013-04-29,28.95839290734909,77.91678581469819,11.808127875505932,1013
2013-04-30,28.88057322629493,77.76114645258986,14.977030192805564,1013
2013-05-01,28.800122039735356,77.60024407947071,14.533705019004959,1013
2013-05-02,28.717063187093217,77.43412637418643,12.197591232439901,1013
2013-05-03,28.631421280499115,77.26284256099822,13.518778810682637,1013
2013-05-04,28.543221697498268,77.08644339499654,12.636480994654118,1013
2013-05-05,28.452490573530632,76.90498114706126,12.172271906540544,1013
2013-05-06,28.35925479418637,76.71850958837274,12.379636520001197,1013
2013-05-07,28.263541987239094,76.52708397447819,12.196150032020132,1013
2013-05-08,28.16538051445916,76.33076102891832,13.734992492713456,1013
2013-05-09,28.064799463209447,76.1295989264189,13.15066002474557,1013
2013-05-10,27.96182863782616,75.92365727565232,12.959775468526693,1013
2013-05-11,27.856498550787148,75.71299710157429,14.189756348734786,1013
2013-05-12,27.748840413670408,75.49768082734082,13.997820807463999,1013
2013-05-13,27.63888612790543,75.27777225581086,11.837544765848042,1013
2013-05-14,27.526668275320084,75.05333655064017,13.771724750571131,1013
2013-05-15,27.41222010848596,74.82444021697192,12.693072808956078,1013
2013-05-16,27.295575540864874,74.59115108172975,10.836555076761599,1013
2013-05-17,27.17676913675962,74.35353827351923,10.307497364066794,1013
2013-05-18,27.05583610107178,74.11167220214355,10.069408766341827,1013
2013-05-19,26.932812268869775,73.86562453773955,10.8875698044733,1013
2013-05-20,26.80773409477016,73.61546818954032,13.331792249731595,1013
2013-05-21,26.680638642135335,73.36127728427067,10.971014752014904,1013
2013-05-22,26.551563572090853,73.10312714418171,11.24542320387626,1013
2013-05-23,26.420547132365638,72.84109426473128,12.528172048700988,1013
2013-05-24,26.287628145958344,72.57525629191669,11.044485743761275,1013
2013-05-25,26.15284599963328,72.30569199926656,14.444049262415682,1013
2013-05-26,26.016240632249225,72.03248126449844,13.50545134869096,1013
2013-05-27,25.877852522924734,71.75570504584947,11.376685208422563,1013
2013-05-28,25.737722679043245,71.47544535808649,10.673801589279249,1013
2013-05-29,25.595892624101765,71.19178524820353,12.69026542223408,1013
2013-05-30,25.45240438540651,70.90480877081302,11.85992734914008,1013
2013-05-31,25.307300481619333,70.61460096323867,13.57954622996119,1013
2013-06-01,25.160623910158527,70.32124782031705,11.55902051051742,1013
2013-06-02,25.012418134457757,70.02483626891552,11.456710653199664,1013
2013-06-03,24.8627270710869,69.7254541421738,12.196313570455864,1013
2013-06-04,24.71159507673864,69.42319015347728,14.167509001507298,1013
2013-06-05,24.559066935084587,69.11813387016917,12.332776189626014,1013
2013-06-06,24.40518784350495,68.8103756870099,11.152587519233421,1013
2013-06-07,24.250003399695544,68.50000679939109,13.168233670961579,1013
2013-06-08,24.093559588156214,68.18711917631242,10.31368963444401,1013
2013-06-09,23.935902766564666,67.87180553312933,14.162058726745189,1013
2013-06-10,23.77707965203965,67.55415930407929,14.701597710439021,1013
2013-06-11,23.617137307297675,67.23427461459535,12.294614604168778,1013
2013-06-12,23.456123126707336,66.91224625341466,13.39194791559458,1013
2013-06-13,23.294084822245303,66.5881696444906,13.423026874690859,1013
2013-06-14,23.13107040935827,66.26214081871655,14.993398578447927,1013
2013-06-15,22.967128192734908,65.93425638546981,13.367791581804315,1013
2013-06-16,22.80230675199216,65.60461350398433,14.6894568852568,1013
2013-06-17,22.63665492728007,65.27330985456014,11.670081422159743,1013
2013-06-18,22.470221804809356,64.94044360961871,11.604934294767556,1013
2013-06-19,22.303056702306122,64.60611340461224,12.119683298841595,1013
2013-06-20,22.135209154397963,64.27041830879593,11.505344670747881,1013
2013-06-21,21.966728897935766,63.93345779587153,11.203534521622363,1013
2013-06-22,21.797665857255623,63.595331714511246,12.14425797832553,1013
2013-06-23,21.628070129385172,63.256140258770344,14.797595005901307,1013
2013-06-24,21.45799196919875,62.9159839383975,12.569807053205903,1013
2013-06-25,21.287481774525812,62.574963549051624,10.776334727966978,1013
2013-06-26,21.11659007121695,62.2331801424339,10.820947114858916,1013
2013-06-27,20.94536749817199,61.89073499634398,11.060614129609323,1013
2013-06-28,20.77386479233463,61.54772958466926,12.028572912976433,1013
2013-06-29,20.60213277365793,61.20426554731586,11.961316896399625,1013
2013-06-30,20.430222330045307,60.860444660090614,13.733847487260169,1013
2013-07-01,20.25818440227133,60.51636880454266,14.534040867013173,1013
2013-07-02,20.086069968886886,60.17213993777377,11.187393220807005,1013
2013-07-03,19.91393003111312,59.82786006222624,11.44155010940248,1013
2013-07-04,19.741815597728674,59.48363119545735,11.190066994794204,1013
2013-07-05,19.569777669954696,59.13955533990939,14.533491165054478,1013
2013-07-06,19.397867226342072,58.795734452684144,11.728801964246117,1013
2013-07-07,19.22613520766537,58.45227041533074,13.084999805935457,1013
2013-07-08,19.054632501828006,58.10926500365601,10.622068897010037,1013
2013-07-09,18.883409928783056,57.76681985756611,13.058895068671365,1013
2013-07-10,18.71251822547419,57.42503645094838,12.510431241364861,1013
2013-07-11,18.542008030801256,57.08401606160251,11.668947106654961,1013
2013-07-12,18.371929870614835,56.74385974122967,11.398514564586225,1013
2013-07-13,18.202334142744377,56.404668285488754,14.25488395696452,1013
2013-07-14,18.033271102064237,56.066542204128474,10.754153178126112,1013
2013-07-15,17.86479084560204,55.72958169120408,14.169299215342548,1013
2013-07-16,17.69694329769388,55.39388659538776,10.276889892656458,1013
2013-07-17,17.529778195190648,55.059556390381296,12.00411555686264,1013
2013-07-18,17.363345072719927,54.72669014543985,10.849400445159246,1013
2013-07-19,17.197693248007837,54.395386496015675,11.760569926736897,1013
2013-07-20,17.0328718072651,54.0657436145302,12.77476210947094,1013
2013-07-21,16.868929590641734,53.73785918128347,13.287093963211124,1013
2013-07-22,16.705915177754697,53.411830355509395,11.868013385069474,1013
2013-07-23,16.543876873292668,53.087753746585335,11.245856866932339,1013
2013-07-24,16.382862692702325,52.76572538540465,13.343710121385332,1013
2013-07-25,16.222920347960354,52.44584069592071,10.042599729515151,1013
2013-07-26,16.064097233435334,52.12819446687067,11.388685293779746,1013
2013-07-27,15.90644041184379,51.81288082368758,10.778507376191586,1013
2013-07-28,15.74999660030446,51.49999320060892,10.288118879396352,1013
2013-07-29,15.594812156495049,51.1896243129901,11.776511155381705,1013
2013-07-30,15.44093306491541,50.88186612983082,14.434780556928258,1013
2013-07-31,15.28840492326136,50.57680984652272,14.404674347086715,1013
2013-08-01,15.137272928913099,50.2745458578262,10.19683555649943,1013
2013-08-02,14.987581865542245,49.97516373108449,14.454648372437033,1013
2013-08-03,14.839376089841474,49.678752179682945,12.374448226561153,1013
2013-08-04,14.692699518380667,49.385399036761335,11.959442054025358,1013
2013-08-05,14.547595614593494,49.09519122918699,13.114403704902083,1013
2013-08-06,14.404107375898239,48.80821475179648,14.019478656183882,1013
2013-08-07,14.262277320956755,48.52455464191351,13.968637808316412,1013
2013-08-08,14.122147477075266,48.24429495415053,12.997306771737588,1013
2013-08-09,13.983759367750773,47.96751873550154,11.399216868425599,1013
2013-08-10,13.847154000366722,47.69430800073344,12.894056575428557,1013
2013-08-11,13.712371854041656,47.42474370808331,14.56936135978815,1013
2013-08-12,13.579452867634364,47.15890573526873,11.006646231540824,1013
2013-08-13,13.448436427909149,46.8968728558183,10.681445055394205,1013
2013-08-14,13.319361357864668,46.63872271572934,12.88032152436918,1013
2013-08-15,13.192265905229839,46.38453181045968,11.699599176932704,1013
2013-08-16,13.067187731130229,46.13437546226046,11.998602608507907,1013
2013-08-17,12.944163898928226,45.88832779785645,14.76899777950807,1013
2013-08-18,12.823230863240385,45.646461726480766,10.167607393523868,1013
2013-08-19,12.704424459135124,45.40884891827025,11.269161895478282,1013
2013-08-20,12.587779891514042,45.175559783028085,11.19575233146388,1013
2013-08-21,12.473331724679916,44.94666344935983,10.271393605701693,1013
2013-08-22,12.36111387209457,44.72222774418914,11.730384280493057,1013
2013-08-23,12.251159586329594,44.502319172659185,10.303087998952583,1013
2013-08-24,12.143501449212856,44.28700289842571,13.252866508788848,1013
2013-08-25,12.038171362173847,44.0763427243477,12.274101287895464,1013
2013-08-26,11.935200536790553,43.87040107358111,10.707367830085845,1013
2013-08-27,11.834619485540843,43.66923897108168,10.243671114971914,1013
2013-08-28,11.736458012760906,43.47291602552181,13.61337651981085,1013
2013-08-29,11.640745205813635,43.281490411627274,10.887009699603386,1013
2013-08-30,11.547509426469366,43.095018852938736,11.131295393659393,1013
2013-08-31,11.456778302501732,42.913556605003464,13.949714537218117,1013
2013-09-01,11.368578719500885,42.73715743900177,14.543962766003169,1013
2013-09-02,11.282936812906783,42.565873625813566,14.817509815772787,1013
2013-09-03,11.199877960264644,42.39975592052929,11.979105566757704,1013
2013-09-04,11.11942677370507,42.238853547410145,13.163533132501623,1013
2013-09-05,11.041607092650912,42.08321418530183,14.007981128403884,1013
2013-09-06,10.966441976753158,41.93288395350632,14.08748727722509,1013
2013-09-07,10.893953699057837,41.78790739811568,12.424365563511035,1013
2013-09-08,10.824163739406066,41.648327478812135,13.615987029318521,1013
2013-09-09,10.757092778069065,41.51418555613813,13.043274709632184,1013
2013-09-10,10.692760689620206,41.385521379240416,12.592695601900745,1013
2013-09-11,10.631186537045686,41.26237307409137,13.922619949363696,1013
2013-09-12,10.572388566095794,41.14477713219159,10.884560312428453,1013
2013-09-13,10.516384199878283,41.03276839975656,12.810119177712087,1013
2013-09-14,10.463190033695545,40.926380067391094,14.285769510474989,1013
2013-09-15,10.412821830127037,40.82564366025407,14.562472467916397,1013
2013-09-16,10.365294514358514,40.73058902871703,11.938828918901653,1013
2013-09-17,10.320622169759359,40.64124433951872,11.610305759284604,1013
2013-09-18,10.278818033709388,40.55763606741878,11.617334802202894,1013
2013-09-19,10.239894493676317,40.479788987352634,11.461578174069995,1013
2013-09-20,10.2038630835451,40.4077261670902,11.15605099508435,1013
2013-09-21,10.170734480200178,40.341468960400356,14.785687563286821,1013
2013-09-22,10.140518500361697,40.281037000723394,10.127210062791203,1013
2013-09-23,10.113224097676596,40.22644819535319,13.212912737109356,1013
2013-09-24,10.088859360065454,40.17771872013091,10.596732580493757,1013
2013-09-25,10.067431507325857,40.134863014651714,12.492900268056284,1013
2013-09-26,10.048946888993026,40.09789377798605,11.642199134492174,1013
2013-09-27,10.0334109824583,40.0668219649166,14.660413083314902,1013
2013-09-28,10.020828391346079,40.04165678269216,11.165840750888131,1013
2013-09-29,10.011202844149665,40.02240568829933,12.172366496156023,1013
2013-09-30,10.004537193126428,40.009074386252856,10.889845942867838,1013
2013-10-01,10.000833413452622,40.00166682690524,10.120034371193627,1013
2013-10-02,10.000092602638098,40.000185205276196,14.690640923122817,1013
2013-10-03,10.002314980201092,40.004629960402184,10.940282020565956,1013
2013-10-04,10.007499887603165,40.014999775206334,13.249149175448384,1013
2013-10-05,10.015645788444358,40.03129157688872,14.40383148113784,1013
2013-10-06,10.026750268918445,40.05350053783689,11.419853443160092,1013
2013-10-07,10.040810038528209,40.081620077056414,13.553150606470535,1013
2013-10-08,10.05782093106048,40.11564186212096,12.67040735816421,1013
2013-10-09,10.077777905820676,40.15555581164135,14.799245758072093,1013
2013-10-10,10.100675049126469,40.20135009825294,10.539170229088304,1013
2013-10-11,10.126505576060136,40.25301115212027,12.569319590814743,1013
2013-10-12,10.155261832479077,40.310523664958154,14.266729909975513,1013
2013-10-13,10.186935297283906,40.37387059456781,10.30597164610683,1013
2013-10-14,10.221516584943432,40.44303316988686,12.1952994545174,1013
2013-10-15,10.258995448275794,40.51799089655159,14.63339089486606,1013
2013-10-16,10.29936078148493,40.59872156296986,11.79803358171259,1013
2013-10-17,10.34260062345145,40.6852012469029,12.402302576111385,1013
2013-10-18,10.388702161276992,40.777404322553984,14.996631215875489,1013
2013-10-19,10.43765173408094,40.87530346816188,14.591603018270128,1013
2013-10-20,10.489434837048464,40.97886967409693,14.427988167107953,1013
2013-10-21,10.544036125728573,41.08807225145715,10.198717931574757,1013
2013-10-22,10.601439420581046,41.20287884116209,12.426515859801594,1013
2013-10-23,10.661627711770748,41.3232554235415,13.6706498619662,1013
2013-10-24,10.724583164208035,41.44916632841607,12.846035960353861,1013
2013-10-25,10.790287122833654,41.58057424566731,11.993329822990763,1013
2013-10-26,10.858720118146664,41.71744023629333,10.114239186760294,1013
2013-10-27,10.929861871973639,41.85972374394728,14.660520285124427,1013
2013-10-28,11.003691303477567,42.00738260695513,14.27654842959855,1013
2013-10-29,11.080186535404513,42.16037307080903,11.089984768375436,1013
2013-10-30,11.159324900566363,42.31864980113272,11.353021395009868,1013
2013-10-31,11.241082948557567,42.48216589711514,13.34449583207478,1013
2013-11-01,11.325436452704029,42.65087290540806,13.777633087449875,1013
2013-11-02,11.412360417241969,42.82472083448394,11.090862195323066,1013
2013-11-03,11.501829084724722,43.003658169449444,14.178090201015882,1013
2013-11-04,11.593815943655217,43.18763188731043,11.266759393006792,1013
2013-11-05,11.688293736341922,43.376587472683845,10.66926235761294,1013
2013-11-06,11.785234466975854,43.57046893395171,10.73387088817151,1013
2013-11-07,11.884609409926389,43.76921881985278,10.29942012577423,1013
2013-11-08,11.98638911825323,43.97277823650646,13.550146125937895,1013
2013-11-09,12.090543432432225,44.181086864864454,12.369264807333861,1013
2013-11-10,12.19704148929224,44.39408297858448,10.98930223760418,1013
2013-11-11,12.305851731160619,44.61170346232124,13.029286717922668,1013
2013-11-12,12.416941915214375,44.833883830428746,11.1699161209635,1013
2013-11-13,12.530279123034449,45.060558246068894,14.060669132905687,1013
2013-11-14,12.645829770360141,45.29165954072028,10.869068412576889,1013
2013-11-15,12.763559617040876,45.52711923408175,14.282219477963329,1013
2013-11-16,12.88343377718225,45.766867554364495,10.85150203765331,1013
2013-11-17,13.005416729483528,46.010833458967056,14.549969382342791,1013
2013-11-18,13.129472327763326,46.25894465552665,14.962885195800784,1013
2013-11-19,13.255563811670543,46.51112762334108,11.066332496909627,1013
2013-11-20,13.38365381757721,46.767307635154424,10.912500968355484,1013
2013-11-21,13.513704389650183,47.027408779300366,11.344088515788894,1013
2013-11-22,13.645676991098224,47.29135398219645,13.23697759795008,1013
2013-11-23,13.77953251559132,47.55906503118264,13.4595854889295,1013
2013-11-24,13.915231298848736,47.830462597697476,13.861007669583246,1013
2013-11-25,14.05273313039236,48.10546626078472,13.025157395389467,1013
2013-11-26,14.191997265461987,48.38399453092397,12.63445420533483,1013
2013-11-27,14.332982437088816,48.66596487417763,12.012663885563795,1013
2013-11-28,14.475646868323796,48.95129373664759,12.342696231128322,1013
2013-11-29,14.619948284617008,49.23989656923402,11.897836911621344,1013
2013-11-30,14.765843926344498,49.531687852689,13.226578701065437,1013
2013-12-01,14.913290561478957,49.82658112295792,14.243820117998354,1013
2013-12-02,15.062244498400226,50.12448899680045,14.244219938640775,1013
2013-12-03,15.212661598842118,50.425323197684236,13.876415278333855,1013
2013-12-04,15.364497290971489,50.72899458194298,11.720913978725843,1013
2013-12-05,15.517706582595894,51.035413165191784,13.398309340953652,1013
2013-12-06,15.672244074495683,51.34448814899137,13.07868556325526,1013
2013-12-07,15.82806397387683,51.65612794775366,14.57308151804582,1013
2013-12-08,15.985120107940263,51.97024021588052,11.466963521063015,1013
2013-12-09,16.143365937563924,52.28673187512785,12.442065936984868,1013
2013-12-10,16.302754571093267,52.605509142186534,11.446792576091179,1013
2013-12-11,16.46323877823628,52.92647755647256,14.112484066380494,1013
2013-12-12,16.624771004058864,53.24954200811773,14.772956322342914,1013
2013-12-13,16.78730338307635,53.5746067661527,11.819081343556462,1013
2013-12-14,16.950787753437105,53.90157550687421,13.97149424067217,1013
2013-12-15,17.115175671193903,54.230351342387806,12.2212595289379,1013
2013-12-16,17.280418424658947,54.560836849317894,10.71921018714091,1013
2013-12-17,17.44646704883812,54.89293409767624,11.577059777038961,1013
2013-12-18,17.6132723399405,55.226544679881,14.902194774681837,1013
2013-12-19,17.78078486995833,55.56156973991666,11.49736474722282,1013
2013-12-20,17.948955001313806,55.89791000262761,13.179124543891964,1013
2013-12-21,18.11773290156756,56.23546580313512,12.8378132515418,1013
2013-12-22,18.287068558185222,56.574137116370444,11.744074397235316,1013
2013-12-23,18.45691179335719,56.91382358671438,14.402292760966095,1013
2013-12-24,18.627212278867347,57.254424557734694,12.887737318618475,1013
2013-12-25,18.797919551006473,57.595839102012945,14.118769693891165,1013
2013-12-26,18.968983025525645,57.93796605105129,13.93890101736739,1013
2013-12-27,19.140352012625534,58.28070402525107,14.173199208087862,1013
2013-12-28,19.311975731976794,58.62395146395359,10.007606491704138,1013
2013-12-29,19.483803327767458,58.967606655534915,13.63783630946515,1013
2013-12-30,19.655783883772543,59.311567767545085,12.92651719516143,1013
2013-12-31,19.827866438441646,59.65573287688329,10.711859425733472,1013
2014-01-01,20.000000000000007,60.000000000000014,12.69855128817325,1013
2014-01-02,20.17213356155834,60.34426712311668,10.794491206625985,1013
2014-01-03,20.34421611622746,60.68843223245492,12.489182854126083,1013
2014-01-04,20.516196672232528,61.032393344465056,12.378015031623066,1013
2014-01-05,20.688024268023202,61.376048536046405,14.835529992403032,1013
2014-01-06,20.859647987374462,61.719295974748924,13.126403711934618,1013
2014-01-07,21.03101697447435,62.0620339489487,12.19093964672393,1013
2014-01-08,21.202080448993524,62.40416089798705,14.417488662403272,1013
2014-01-09,21.372787721132646,62.74557544226529,12.876097624754571,1013
2014-01-10,21.543088206642814,63.08617641328563,14.153786143742797,1013
2014-01-11,21.712931441814774,63.42586288362955,11.686298296914321,1013
2014-01-12,21.882267098432443,63.764534196864886,13.911813797090717,1013
2014-01-13,22.051044998686187,64.10208999737237,11.840021193824699,1013
2014-01-14,22.219215130041654,64.43843026008331,14.894030543893024,1013
2014-01-15,22.386727660059496,64.77345532011898,12.150822292460596,1013
2014-01-16,22.553532951161866,65.10706590232374,12.241943378105184,1013
2014-01-17,22.719581575341046,65.43916315068209,10.9809854084356,1013
2014-01-18,22.884824328806086,65.76964865761217,10.021911289193175,1013
2014-01-19,23.04921224656288,66.09842449312576,13.037643201628537,1013
2014-01-20,23.212696616923637,66.42539323384727,13.544698075840948,1013
2014-01-21,23.37522899594114,66.75045799188227,12.677524064850374,1013
2014-01-22,23.536761221763715,67.07352244352744,14.222632779947494,1013
2014-01-23,23.697245428906736,67.39449085781347,13.800896044294948,1013
2014-01-24,23.85663406243607,67.71326812487214,11.642535231871122,1013
2014-01-25,24.01487989205973,68.02975978411946,12.608385435513917,1013
2014-01-26,24.171936026123166,68.34387205224633,11.13333374033872,1013
2014-01-27,24.327755925504313,68.65551185100863,12.332872251058115,1013
2014-01-28,24.4822934174041,68.9645868348082,14.175658490748065,1013
2014-01-29,24.635502709028508,69.27100541805702,13.08095721203307,1013
2014-01-30,24.78733840115788,69.57467680231576,10.110595011460731,1013
2014-01-31,24.93775550159977,69.87551100319953,11.870585815499615,1013
2014-02-01,25.086709438521044,70.1734188770421,10.557660955110007,1013
2014-02-02,25.234156073655498,70.468312147311,13.697645888389417,1013
2014-02-03,25.380051715382997,70.760103430766,14.826324973323928,1013
2014-02-04,25.52435313167619,71.04870626335239,13.51502903124991,1013
2014-02-05,25.667017562911173,71.33403512582234,13.925709653536455,1013
2014-02-06,25.808002734538,71.616005469076,10.145112154788626,1013
2014-02-07,25.947266869607635,71.89453373921528,14.184730401822458,1013
2014-02-08,26.084768701151255,72.16953740230251,10.67501075549648,1013
2014-02-09,26.220467484408676,72.44093496881734,11.767303361756237,1013
2014-02-10,26.354323008901765,72.70864601780353,13.599861649117235,1013
2014-02-11,26.486295610349814,72.97259122069963,11.059439228462866,1013
2014-02-12,26.616346182422788,73.23269236484558,11.90012378897867,1013
2014-02-13,26.744436188329452,73.4888723766589,14.277575569333269,1013
2014-02-14,26.870527672236673,73.74105534447334,10.50998995753461,1013
2014-02-15,26.99458327051647,73.98916654103294,13.981304690991017,1013
2014-02-16,27.116566222817745,74.23313244563549,10.432549636273599,1013
2014-02-17,27.23644038295912,74.47288076591823,12.985611066474828,1013
2014-02-18,27.354170229639855,74.70834045927971,14.089024640481133,1013
2014-02-19,27.469720876965546,74.93944175393109,14.881102747398415,1013
2014-02-20,27.583058084785623,75.16611616957124,14.294175461100961,1013
2014-02-21,27.694148268839378,75.38829653767876,10.78048803104474,1013
2014-02-22,27.802958510707754,75.60591702141551,12.418593796325865,1013
2014-02-23,27.909456567567776,75.81891313513555,11.46767286844547,1013
2014-02-24,28.01361088174676,76.02722176349351,11.188344756099266,1013
2014-02-25,28.115390590073613,76.23078118014723,11.856048922315905,1013
2014-02-26,28.21476553302414,76.42953106604827,11.174525899912565,1013
2014-02-27,28.31170626365808,76.62341252731616,12.334223775562723,1013
2014-02-28,28.406184056344777,76.81236811268955,14.746253405887577,1013
2014-03-01,28.49817091527528,76.99634183055056,10.286070329379578,1013
2014-03-02,28.58763958275803,77.17527916551606,12.544124336119474,1013
2014-03-03,28.674563547295968,77.34912709459194,11.732358325387253,1013
2014-03-04,28.75891705144243,77.51783410288486,13.107771967433678,1013
2014-03-05,28.840675099433636,77.68135019886728,10.67974730054321,1013
2014-03-06,28.919813464595485,77.83962692919097,11.160994895420286,1013
2014-03-07,28.996308696522433,77.99261739304487,12.142431396907357,1013
2014-03-08,29.070138128026358,78.14027625605272,12.613308742700982,1013
2014-03-09,29.141279881853336,78.28255976370667,13.361141772069338,1013
2014-03-10,29.209712877166346,78.41942575433269,10.527104604571088,1013
2014-03-11,29.275416835791965,78.55083367158393,10.114871292668429,1013
2014-03-12,29.33837228822925,78.6767445764585,13.572937847277462,1013
2014-03-13,29.39856057941895,78.79712115883791,14.173258374334,1013
2014-03-14,29.455963874271426,78.91192774854285,11.071450771539558,1013
2014-03-15,29.510565162951536,79.02113032590307,12.457176978221488,1013
2014-03-16,29.562348265919056,79.12469653183811,13.017364068940836,1013
2014-03-17,29.611297838723008,79.22259567744601,12.737786410879405,1013
2014-03-18,29.657399376548547,79.3147987530971,12.910553616880826,1013
2014-03-19,29.70063921851507,79.40127843703014,10.350228488973116,1013
2014-03-20,29.741004551724203,79.4820091034484,13.419469870264086,1013
2014-03-21,29.77848341505657,79.55696683011314,14.633740828655117,1013
2014-03-22,29.81306470271609,79.62612940543218,10.173853696766763,1013
2014-03-23,29.844738167520923,79.68947633504185,13.031293779499313,1013
2014-03-24,29.87349442393986,79.74698884787972,12.945655230878751,1013
2014-03-25,29.89932495087353,79.79864990174707,11.943610358585884,1013
2014-03-26,29.92222209417932,79.84444418835864,10.383263618855619,1013
2014-03-27,29.942179068939517,79.88435813787903,14.330042041885315,1013
2014-03-28,29.95918996147179,79.91837992294359,14.178318690695843,1013
2014-03-29,29.973249731081555,79.9464994621631,10.564908877571256,1013
2014-03-30,29.98435421155564,79.96870842311128,11.931080244826607,1013
2014-03-31,29.992500112396833,79.98500022479367,14.50743607529904,1013
2014-04-01,29.997685019798908,79.99537003959782,12.143620270546638,1013
2014-04-02,29.999907397361902,79.9998147947238,14.747069664231256,1013
2014-04-03,29.99916658654738,79.99833317309475,13.441319667982864,1013
2014-04-04,29.995462806873576,79.99092561374715,14.650352784701164,1013
2014-04-05,29.988797155850335,79.97759431170067,14.181070935735397,1013
2014-04-06,29.97917160865392,79.95834321730784,14.009203703404049,1013
2014-04-07,29.9665890175417,79.9331780350834,14.524687543096853,1013
2014-04-08,29.951053111006978,79.90210622201396,12.1053479765752,1013
2014-04-09,29.932568492674143,79.86513698534829,11.249511288394192,1013
2014-04-10,29.911140639934548,79.82228127986909,11.490035410305223,1013
2014-04-11,29.886775902323407,79.77355180464681,14.352326651918059,1013
2014-04-12,29.859481499638303,79.71896299927661,10.44278495901843,1013
2014-04-13,29.829265519799826,79.65853103959965,12.225764248557269,1013
2014-04-14,29.7961369164549,79.5922738329098,11.593894991430306,1013
2014-04-15,29.760105506323683,79.52021101264737,10.889820915455207,1013
2014-04-16,29.721181966290615,79.44236393258123,12.52330271295779,1013
2014-04-17,29.679377830240643,79.35875566048128,14.292367089336087,1013
2014-04-18,29.63470548564149,79.26941097128298,13.169159034275335,1013
2014-04-19,29.587178169872963,79.17435633974593,13.094327955258224,1013
2014-04-20,29.536809966304457,79.07361993260892,11.443751218675295,1013
2014-04-21,29.48361580012172,78.96723160024344,12.850369418801336,1013
2014-04-22,29.42761143390421,78.85522286780842,14.106629005937467,1013
2014-04-23,29.368813462954314,78.73762692590863,10.404675663816821,1013
2014-04-24,29.307239310379796,78.6144786207596,12.556865741336019,1013
2014-04-25,29.242907221930935,78.48581444386187,10.039150198419865,1013
2014-04-26,29.175836260593943,78.35167252118788,14.421978762412756,1013
2014-04-27,29.10604630094216,78.21209260188432,13.539503414541493,1013
2014-04-28,29.03355802324684,78.06711604649368,14.63418764383722,1013
2014-04-29,28.958392907349094,77.91678581469819,10.249009482521513,1013
2014-04-30,28.88057322629493,77.76114645258986,10.109110012468625,1013
2014-05-01,28.800122039735356,77.60024407947071,10.02253995793818,1013
2014-05-02,28.717063187093217,77.43412637418643,10.625205212965398,1013
2014-05-03,28.63142128049911,77.26284256099822,11.995691449084791,1013
2014-05-04,28.54322169749827,77.08644339499654,14.864696397659607,1013
2014-05-05,28.45249057353064,76.90498114706128,13.15170735417746,1013
2014-05-06,28.359254794186366,76.71850958837274,10.095993555405625,1013
2014-05-07,28.263541987239098,76.52708397447819,10.409477264837054,1013
2014-05-08,28.165380514459166,76.33076102891833,12.576255892362871,1013
2014-05-09,28.064799463209447,76.1295989264189,14.28109435598706,1013
2014-05-10,27.96182863782616,75.92365727565232,14.345336139496798,1013
2014-05-11,27.856498550787148,75.7129971015743,13.866601951627647,1013
2014-05-12,27.748840413670415,75.49768082734083,10.422765398551345,1013
2014-05-13,27.638886127905426,75.27777225581085,10.563294107799827,1013
2014-05-14,27.526668275320088,75.05333655064017,11.233224596644996,1013
2014-05-15,27.412220108485965,74.82444021697192,11.740583605414043,1013
2014-05-16,27.295575540864885,74.59115108172978,14.535359263760819,1013
2014-05-17,27.176769136759624,74.35353827351925,14.077414748518347,1013
2014-05-18,27.055836101071773,74.11167220214354,14.299861071807417,1013
2014-05-19,26.932812268869775,73.86562453773955,14.930944511990655,1013
2014-05-20,26.80773409477016,73.61546818954032,12.979599101270768,1013
2014-05-21,26.68063864213534,73.36127728427067,12.840886659981756,1013
2014-05-22,26.55156357209085,73.1031271441817,11.814586882396034,1013
2014-05-23,26.420547132365634,72.84109426473127,11.331478652252457,1013
2014-05-24,26.28762814595835,72.5752562919167,10.904805909742116,1013
2014-05-25,26.152845999633286,72.30569199926657,11.464502300573772,1013
2014-05-26,26.01624063224922,72.03248126449844,10.650974130314149,1013
2014-05-27,25.877852522924734,71.75570504584947,13.790457176087585,1013
2014-05-28,25.737722679043255,71.4754453580865,12.186601361995145,1013
2014-05-29,25.595892624101765,71.19178524820353,11.245394540152109,1013
2014-05-30,25.45240438540651,70.90480877081302,14.867208468812247,1013
2014-05-31,25.30730048161934,70.61460096323867,10.7827426192416,1013
2014-06-01,25.160623910158538,70.32124782031707,13.9765936240414,1013
2014-06-02,25.012418134457754,70.02483626891551,14.143996144451966,1013
2014-06-03,24.862727071086905,69.72545414217382,12.500722348997328,1013
2014-06-04,24.711595076738632,69.42319015347726,11.299176387590883,1013
2014-06-05,24.5590669350846,69.1181338701692,13.494916205424827,1013
2014-06-06,24.405187843504955,68.81037568700991,10.303769811657249,1013
2014-06-07,24.250003399695547,68.50000679939109,14.989549616128656,1013
2014-06-08,24.09355958815621,68.18711917631242,11.352223630045629,1013
2014-06-09,23.93590276656467,67.87180553312933,13.124096267152693,1013
2014-06-10,23.777079652039657,67.5541593040793,10.544542047036296,1013
2014-06-11,23.61713730729767,67.23427461459534,12.002989168501914,1013
2014-06-12,23.456123126707332,66.91224625341466,12.544716419197126,1013
2014-06-13,23.294084822245306,66.58816964449062,14.474668204340574,1013
2014-06-14,23.131070409358276,66.26214081871655,13.596987303404934,1013
2014-06-15,22.9671281927349,65.93425638546981,10.592639785803744,1013
2014-06-16,22.802306751992166,65.60461350398433,10.221963922924377,1013
2014-06-17,22.63665492728008,65.27330985456017,11.459986304751657,1013
2014-06-18,22.47022180480937,64.94044360961874,11.668330359080763,1013
2014-06-19,22.303056702306126,64.60611340461224,14.492342820959909,1013
2014-06-20,22.135209154397952,64.2704183087959,10.937085404567641,1013
2014-06-21,21.966728897935777,63.933457795871554,14.436637505487992,1013
2014-06-22,21.797665857255623,63.595331714511246,10.238893075374113,1013
2014-06-23,21.628070129385172,63.256140258770344,12.853416973292909,1013
2014-06-24,21.45799196919874,62.91598393839748,11.631228966683938,1013
2014-06-25,21.28748177452581,62.57496354905162,14.100847759944957,1013
2014-06-26,21.116590071216947,62.233180142433895,14.709027802792967,1013
2014-06-27,20.945367498172004,61.89073499634401,13.429632403029299,1013
2014-06-28,20.773864792334628,61.547729584669256,13.413123333846881,1013
2014-06-29,20.60213277365793,61.20426554731586,14.752919495480274,1013
2014-06-30,20.430222330045314,60.86044466009063,10.439774200158489,1013
2014-07-01,20.258184402271326,60.51636880454265,11.17750065197553,1013
2014-07-02,20.086069968886886,60.17213993777377,13.899060805107329,1013
2014-07-03,19.91393003111312,59.82786006222624,11.0020805683959,1013
2014-07-04,19.74181559772868,59.48363119545736,12.101789093978953,1013
2014-07-05,19.569777669954696,59.13955533990939,10.64960122704952,1013
2014-07-06,19.397867226342075,58.79573445268415,11.855044493472075,1013
2014-07-07,19.22613520766538,58.45227041533076,14.197923511357232,1013
2014-07-08,19.054632501828024,58.10926500365605,14.53544002566348,1013
2014-07-09,18.88340992878306,57.76681985756612,13.486066450241921,1013
2014-07-10,18.712518225474184,57.42503645094837,14.033053145345193,1013
2014-07-11,18.54200803080125,57.0840160616025,13.023874998546425,1013
2014-07-12,18.371929870614835,56.74385974122967,12.99804215682774,1013
2014-07-13,18.202334142744384,56.40466828548877,14.630986794576406,1013
2014-07-14,18.03327110206423,56.06654220412846,14.765546859953092,1013
2014-07-15,17.864790845602037,55.729581691204075,12.920159721407785,1013
2014-07-16,17.69694329769388,55.39388659538776,13.880691547756603,1013
2014-07-17,17.529778195190655,55.05955639038131,14.211490596448728,1013
2014-07-18,17.363345072719927,54.72669014543985,13.896303514000817,1013
2014-07-19,17.19769324800784,54.39538649601568,12.755095787063771,1013
2014-07-20,17.032871807265106,54.06574361453021,12.918808434146976,1013
2014-07-21,16.86892959064173,53.73785918128346,10.17266993425128,1013
2014-07-22,16.7059151777547,53.4118303555094,12.926476731348584,1013
2014-07-23,16.543876873292675,53.08775374658535,11.713613664693847,1013
2014-07-24,16.382862692702336,52.76572538540467,12.057376587689202,1013
2014-07-25,16.22292034796035,52.4458406959207,13.627480255913763,1013
2014-07-26,16.064097233435337,52.128194466870674,13.153515259612664,1013
2014-07-27,15.906440411843779,51.81288082368756,14.37929855417945,1013
2014-07-28,15.749996600304474,51.49999320060895,13.432748965064647,1013
2014-07-29,15.594812156495054,51.189624312990105,11.642090753467865,1013
2014-07-30,15.44093306491542,50.88186612983084,13.375871748093633,1013
2014-07-31,15.288404923261359,50.57680984652272,11.316171667153354,1013
2014-08-01,15.1372729289131,50.2745458578262,12.133927760789854,1013
2014-08-02,14.98758186554225,49.9751637310845,14.178988368229563,1013
2014-08-03,14.839376089841469,49.67875217968294,11.30192201306377,1013
2014-08-04,14.692699518380667,49.385399036761335,10.507383083967193,1013
2014-08-05,14.547595614593494,49.09519122918699,14.256557655186715,1013
2014-08-06,14.404107375898242,48.808214751796484,14.561537136947736,1013
2014-08-07,14.262277320956752,48.524554641913504,10.359882622334387,1013
2014-08-08,14.122147477075272,48.24429495415055,12.441957515772536,1013
2014-08-09,13.983759367750782,47.967518735501564,13.886262066275261,1013
2014-08-10,13.847154000366736,47.69430800073347,14.176070717348365,1013
2014-08-11,13.712371854041656,47.42474370808331,11.21432877852895,1013
2014-08-12,13.579452867634355,47.15890573526871,12.310916235724386,1013
2014-08-13,13.448436427909158,46.896872855818316,11.045283672319686,1013
2014-08-14,13.319361357864665,46.63872271572933,14.033361681378597,1013
2014-08-15,13.192265905229842,46.384531810459684,10.435261988541614,1013
2014-08-16,13.067187731130222,46.134375462260444,13.101319382086066,1013
2014-08-17,12.94416389892822,45.88832779785644,11.98022862242067,1013
2014-08-18,12.823230863240383,45.646461726480766,13.966308510910688,1013
2014-08-19,12.704424459135133,45.408848918270266,11.115597572871234,1013
2014-08-20,12.587779891514042,45.175559783028085,10.304420119941483,1013
2014-08-21,12.473331724679918,44.94666344935983,11.684056373430806,1013
2014-08-22,12.36111387209458,44.722227744189155,11.690048686755876,1013
2014-08-23,12.25115958632959,44.502319172659185,13.70396863337748,1013
2014-08-24,12.143501449212856,44.28700289842571,10.984575719596748,1013
2014-08-25,12.038171362173848,44.0763427243477,10.074358770797161,1013
2014-08-26,11.93520053679056,43.87040107358112,14.025898608443194,1013
2014-08-27,11.83461948554084,43.66923897108168,11.139898987641065,1013
2014-08-28,11.736458012760908,43.47291602552181,11.466783783075883,1013
2014-08-29,11.640745205813637,43.281490411627274,10.310484853047644,1013
2014-08-30,11.547509426469377,43.09501885293875,14.325860125183846,1013
2014-08-31,11.456778302501732,42.913556605003464,11.467317019276964,1013
2014-09-01,11.36857871950089,42.73715743900178,12.669992418961085,1013
2014-09-02,11.28293681290678,42.56587362581356,11.935485205877463,1013
2014-09-03,11.199877960264645,42.39975592052929,10.456321272527129,1013
2014-09-04,11.11942677370507,42.238853547410145,12.897848209032318,1013
2014-09-05,11.04160709265091,42.08321418530182,13.778098342278094,1013
2014-09-06,10.966441976753154,41.932883953506305,13.191989029665121,1013
2014-09-07,10.893953699057839,41.78790739811568,12.200272798680446,1013
2014-09-08,10.824163739406066,41.648327478812135,14.31650101040627,1013
2014-09-09,10.757092778069067,41.51418555613813,13.253553983624482,1013
2014-09-10,10.692760689620208,41.385521379240416,11.120216708465582,1013
2014-09-11,10.631186537045688,41.26237307409137,10.11142589911363,1013
2014-09-12,10.572388566095793,41.144777132191585,13.277655616440445,1013
2014-09-13,10.516384199878285,41.03276839975657,14.995833183327827,1013
2014-09-14,10.463190033695547,40.926380067391094,11.835380265868558,1013
2014-09-15,10.41282183012704,40.82564366025408,12.635081943363168,1013
2014-09-16,10.365294514358512,40.73058902871702,12.55536272379568,1013
2014-09-17,10.320622169759359,40.64124433951872,11.000617620425404,1013
2014-09-18,10.278818033709388,40.55763606741878,13.832792728773708,1013
2014-09-19,10.23989449367632,40.47978898735264,12.056490512449564,1013
2014-09-20,10.2038630835451,40.4077261670902,10.376349383021147,1013
2014-09-21,10.17073448020018,40.34146896040036,10.555973229905431,1013
2014-09-22,10.140518500361695,40.28103700072339,12.189401977561914,1013
2014-09-23,10.113224097676596,40.22644819535319,10.551083055342804,1013
2014-09-24,10.088859360065454,40.17771872013091,12.586851763673259,1013
2014-09-25,10.067431507325857,40.134863014651714,14.925202379503327,1013
2014-09-26,10.048946888993024,40.097893777986044,14.046384396883443,1013
2014-09-27,10.0334109824583,40.0668219649166,14.731604498880074,1013
2014-09-28,10.020828391346079,40.04165678269216,14.883076158834136,1013
2014-09-29,10.011202844149663,40.02240568829933,14.51809454507234,1013
2014-09-30,10.004537193126428,40.009074386252856,14.927826093563866,1013
2014-10-01,10.000833413452622,40.00166682690524,14.753704490355407,1013
2014-10-02,10.000092602638098,40.000185205276196,10.016555728465523,1013
2014-10-03,10.002314980201092,40.004629960402184,13.573192026066305,1013
2014-10-04,10.007499887603165,40.014999775206334,13.091003237742832,1013
2014-10-05,10.015645788444356,40.03129157688871,12.528215418640361,1013
2014-10-06,10.026750268918445,40.05350053783689,13.433571679765267,1013
2014-10-07,10.040810038528209,40.081620077056414,11.219089800978413,1013
2014-10-08,10.057820931060482,40.11564186212097,10.578686981213684,1013
2014-10-09,10.077777905820675,40.15555581164135,12.411594564003266,1013
2014-10-10,10.100675049126469,40.20135009825294,14.439571076617153,1013
2014-10-11,10.126505576060135,40.253011152120266,12.777170947083441,1013
2014-10-12,10.155261832479077,40.310523664958154,10.856910695092674,1013
2014-10-13,10.186935297283906,40.37387059456781,14.886604730413193,1013
2014-10-14,10.22151658494343,40.44303316988686,10.441700826078247,1013
2014-10-15,10.258995448275792,40.51799089655158,13.001769544190529,1013
2014-10-16,10.299360781484928,40.59872156296986,11.642312118264014,1013
2014-10-17,10.34260062345145,40.6852012469029,12.00027889286752,1013
2014-10-18,10.388702161276989,40.77740432255398,13.115395083239916,1013
2014-10-19,10.437651734080939,40.875303468161874,11.273913147468052,1013
2014-10-20,10.489434837048462,40.97886967409693,13.111215707511231,1013
2014-10-21,10.54403612572857,41.08807225145714,10.107356894192282,1013
2014-10-22,10.601439420581041,41.20287884116208,12.711009376803666,1013
2014-10-23,10.661627711770741,41.32325542354148,13.153111499357903,1013
2014-10-24,10.724583164208036,41.44916632841607,11.142603637968689,1013
2014-10-25,10.79028712283365,41.5805742456673,13.394454927740984,1013
2014-10-26,10.858720118146653,41.71744023629331,14.253832558647964,1013
2014-10-27,10.929861871973646,41.85972374394729,13.719654087341997,1013
2014-10-28,11.003691303477568,42.00738260695513,11.96227471270543,1013
2014-10-29,11.080186535404515,42.16037307080903,13.097565152208881,1013
2014-10-30,11.159324900566354,42.31864980113271,11.25517961706577,1013
2014-10-31,11.241082948557574,42.48216589711515,13.870000461176463,1013
2014-11-01,11.325436452704032,42.650872905408065,10.281748715644753,1013
2014-11-02,11.412360417241969,42.82472083448394,11.417048808319667,1013
2014-11-03,11.501829084724717,43.00365816944944,14.929097773545891,1013
2014-11-04,11.59381594365522,43.187631887310445,10.135867072527127,1013
2014-11-05,11.688293736341919,43.37658747268384,11.546209838584366,1013
2014-11-06,11.785234466975854,43.57046893395171,11.180445649272725,1013
2014-11-07,11.884609409926393,43.76921881985278,12.62484559450459,1013
2014-11-08,11.986389118253234,43.97277823650647,13.308283759211443,1013
2014-11-09,12.090543432432224,44.18108686486445,13.269890643926127,1013
2014-11-10,12.19704148929224,44.39408297858448,11.683047533885688,1013
2014-11-11,12.305851731160622,44.611703462321245,10.820704590722352,1013
2014-11-12,12.416941915214373,44.833883830428746,14.257234010652038,1013
2014-11-13,12.530279123034441,45.06055824606888,11.934136540947595,1013
2014-11-14,12.645829770360136,45.291659540720275,12.179358205749178,1013
2014-11-15,12.763559617040876,45.52711923408175,14.594690809278953,1013
2014-11-16,12.883433777182248,45.766867554364495,13.509109898049509,1013
2014-11-17,13.005416729483521,46.01083345896704,13.334077235493972,1013
2014-11-18,13.12947232776333,46.25894465552666,14.04885258256093,1013
2014-11-19,13.255563811670541,46.51112762334108,11.6452291915273,1013
2014-11-20,13.383653817577208,46.76730763515442,14.59158721011574,1013
2014-11-21,13.513704389650172,47.027408779300345,10.694229652274045,1013
2014-11-22,13.645676991098222,47.29135398219644,12.859191801564876,1013
2014-11-23,13.779532515591319,47.55906503118264,14.302551965538745,1013
2014-11-24,13.915231298848727,47.830462597697455,12.779290472613702,1013
2014-11-25,14.052733130392351,48.1054662607847,11.690741382073064,1013
2014-11-26,14.191997265461985,48.38399453092397,10.01919962544055,1013
2014-11-27,14.332982437088813,48.665964874177625,10.85474871625835,1013
2014-11-28,14.475646868323789,48.95129373664758,10.883866156433516,1013
2014-11-29,14.619948284617013,49.23989656923403,11.297591205391509,1013
2014-11-30,14.765843926344502,49.531687852689004,12.257265844699372,1013
2014-12-01,14.913290561478941,49.82658112295788,14.036957447740935,1013
2014-12-02,15.062244498400208,50.124488996800416,12.531821412998157,1013
2014-12-03,15.212661598842121,50.42532319768424,10.684083245796026,1013
2014-12-04,15.364497290971494,50.728994581942985,11.009047498900333,1013
2014-12-05,15.517706582595892,51.035413165191784,11.291676117525617,1013
2014-12-06,15.672244074495666,51.34448814899133,10.24353741381507,1013
2014-12-07,15.828063973876835,51.656127947753674,12.297556712176988,1013
2014-12-08,15.985120107940268,51.97024021588054,10.33890008496946,1013
2014-12-09,16.143365937563924,52.28673187512785,12.743355352649628,1013
2014-12-10,16.302754571093274,52.60550914218655,11.626474926740086,1013
2014-12-11,16.463238778236285,52.92647755647257,13.656640205022219,1013
2014-12-12,16.624771004058864,53.24954200811773,13.822608610336413,1013
2014-12-13,16.787303383076345,53.57460676615269,13.044916590200756,1013
2014-12-14,16.950787753437112,53.901575506874224,11.513514579535023,1013
2014-12-15,17.115175671193906,54.23035134238781,12.252200476237894,1013
2014-12-16,17.280418424658937,54.56083684931787,10.837193745954707,1013
2014-12-17,17.446467048838134,54.89293409767627,14.939082813427408,1013
2014-12-18,17.613272339940497,55.226544679880995,12.77668577886379,1013
2014-12-19,17.78078486995834,55.56156973991668,12.524845431136697,1013
2014-12-20,17.948955001313795,55.89791000262759,10.66036531196474,1013
2014-12-21,18.117732901567557,56.235465803135114,13.079881114487561,1013
2014-12-22,18.28706855818522,56.57413711637044,10.775844207851216,1013
2014-12-23,18.45691179335718,56.91382358671436,11.403502979262798,1013
2014-12-24,18.627212278867336,57.25442455773467,14.50680612843703,1013
2014-12-25,18.79791955100647,57.59583910201294,11.179786286030254,1013
2014-12-26,18.96898302552564,57.93796605105128,13.800063892412531,1013
2014-12-27,19.14035201262552,58.28070402525104,14.224546050667659,1013
2014-12-28,19.3119757319768,58.6239514639536,11.113894853686393,1013
2014-12-29,19.483803327767454,58.96760665553491,14.49286758506745,1013
2014-12-30,19.655783883772532,59.311567767545064,14.15893547104275,1013
2014-12-31,19.827866438441635,59.65573287688327,12.444844432654554,1013
2015-01-01,20.000000000000014,60.00000000000003,10.359272208852994,1013
2015-01-02,20.172133561558336,60.34426712311667,11.004112940976196,1013
2015-01-03,20.344216116227443,60.688432232454886,12.36255538482693,1013
2015-01-04,20.516196672232518,61.032393344465035,13.372010565180389,1013
2015-01-05,20.68802426802321,61.37604853604642,11.924534021663355,1013
2015-01-06,20.85964798737447,61.71929597474894,11.217709533894563,1013
2015-01-07,21.03101697447433,62.06203394894866,13.183942652998724,1013
2015-01-08,21.202080448993538,62.404160897987076,12.109569778007636,1013
2015-01-09,21.372787721132653,62.745575442265306,10.109317553155675,1013
2015-01-10,21.54308820664281,63.08617641328562,10.652629599888273,1013
2015-01-11,21.71293144181477,63.42586288362954,14.063765446889745,1013
2015-01-12,21.88226709843245,63.7645341968649,10.379187755284939,1013
2015-01-13,22.051044998686194,64.10208999737239,10.587024341801497,1013
2015-01-14,22.21921513004165,64.43843026008331,10.450590982974369,1013
2015-01-15,22.386727660059492,64.77345532011898,11.467328618527574,1013
2015-01-16,22.553532951161873,65.10706590232375,13.270277230240463,1013
2015-01-17,22.719581575341053,65.4391631506821,12.818381421523231,1013
2015-01-18,22.884824328806083,65.76964865761217,14.906293185214281,1013
2015-01-19,23.049212246562895,66.09842449312579,10.514813756887996,1013
2015-01-20,23.212696616923644,66.42539323384729,11.364705248447429,1013
2015-01-21,23.37522899594113,66.75045799188226,14.388386075978605,1013
2015-01-22,23.536761221763705,67.07352244352741,12.900159785785398,1013
2015-01-23,23.697245428906733,67.39449085781347,14.629270781200816,1013
2015-01-24,23.85663406243607,67.71326812487213,13.106735121413788,1013
2015-01-25,24.014879892059724,68.02975978411945,14.470734499686753,1013
2015-01-26,24.171936026123156,68.34387205224631,10.566424039058255,1013
2015-01-27,24.32775592550431,68.65551185100863,14.282460667362205,1013
2015-01-28,24.4822934174041,68.9645868348082,11.3023552003365,1013
2015-01-29,24.635502709028497,69.271005418057,10.446256965455003,1013
2015-01-30,24.787338401157886,69.57467680231576,13.831995521799037,1013
2015-01-31,24.937755501599767,69.87551100319953,14.826962831285108,1013
2015-02-01,25.086709438521034,70.17341887704207,11.821637989605785,1013
2015-02-02,25.234156073655488,70.46831214731098,10.749406231281942,1013
2015-02-03,25.380051715382994,70.76010343076598,12.720519226159926,1013
2015-02-04,25.52435313167619,71.04870626335237,10.901408460166031,1013
2015-02-05,25.667017562911163,71.33403512582233,11.782756713689205,1013
2015-02-06,25.808002734537993,71.61600546907599,13.2867382395228,1013
2015-02-07,25.947266869607642,71.89453373921529,10.758046645803256,1013
2015-02-08,26.08476870115125,72.1695374023025,14.529368201791172,1013
2015-02-09,26.22046748440866,72.44093496881732,13.063904767837302,1013
2015-02-10,26.354323008901783,72.70864601780357,12.628121524529638,1013
2015-02-11,26.48629561034982,72.97259122069964,11.965235299800606,1013
2015-02-12,26.616346182422784,73.23269236484558,10.177948142411505,1013
2015-02-13,26.744436188329438,73.48887237665888,12.157485741496815,1013
2015-02-14,26.870527672236676,73.74105534447335,11.239921098332262,1013
2015-02-15,26.994583270516472,73.98916654103294,10.553503303372127,1013
2015-02-16,27.116566222817745,74.23313244563549,12.643936236681355,1013
2015-02-17,27.236440382959117,74.47288076591823,13.550017073374391,1013
2015-02-18,27.35417022963986,74.70834045927971,14.58503957686246,1013
2015-02-19,27.469720876965553,74.9394417539311,10.874933105763908,1013
2015-02-20,27.58305808478562,75.16611616957124,14.975973974415238,1013
2015-02-21,27.694148268839385,75.38829653767877,14.349074066100453,1013
2015-02-22,27.802958510707754,75.60591702141551,11.855186523162487,1013
2015-02-23,27.90945656756777,75.81891313513555,13.754378095751644,1013
2015-02-24,28.01361088174676,76.02722176349351,12.444393068379162,1013
2015-02-25,28.11539059007361,76.23078118014722,11.972340694579977,1013
2015-02-26,28.214765533024142,76.42953106604828,11.07961870986415,1013
2015-02-27,28.311706263658074,76.62341252731615,11.058635337566148,1013
2015-02-28,28.406184056344774,76.81236811268954,14.288908341754397,1013
2015-03-01,28.498170915275278,76.99634183055056,11.834660943686272,1013
2015-03-02,28.587639582758026,77.17527916551606,14.30495587389051,1013
2015-03-03,28.67456354729596,77.34912709459192,13.938641262383857,1013
2015-03-04,28.75891705144243,77.51783410288486,10.566370743517744,1013
2015-03-05,28.840675099433632,77.68135019886726,13.467273050669062,1013
2015-03-06,28.91981346459548,77.83962692919096,14.175348153422789,1013
2015-03-07,28.996308696522426,77.99261739304485,13.688165322939215,1013
2015-03-08,29.070138128026358,78.14027625605272,11.632663811254588,1013
2015-03-09,29.141279881853336,78.28255976370667,14.049313655704088,1013
2015-03-10,29.20971287716634,78.41942575433268,12.379750698963377,1013
2015-03-11,29.275416835791958,78.55083367158392,10.439700120243996,1013
2015-03-12,29.33837228822925,78.6767445764585,11.931913298072923,1013
2015-03-13,29.39856057941895,78.79712115883791,13.405260498016332,1013
2015-03-14,29.45596387427142,78.91192774854284,14.319283120761916,1013
2015-03-15,29.51056516295154,79.02113032590307,12.58203328107648,1013
2015-03-16,29.56234826591906,79.12469653183811,14.596680205798304,1013
2015-03-17,29.611297838723004,79.22259567744601,11.259917424311128,1013
2015-03-18,29.657399376548543,79.31479875309708,12.496825113580147,1013
2015-03-19,29.70063921851507,79.40127843703014,14.459663521623185,1013
2015-03-20,29.741004551724206,79.4820091034484,13.128061143286676,1013
2015-03-21,29.77848341505657,79.55696683011314,11.504169457581408,1013
2015-03-22,29.81306470271609,79.62612940543218,11.612101764286152,1013
2015-03-23,29.844738167520923,79.68947633504185,10.097428302354729,1013
2015-03-24,29.873494423939864,79.74698884787972,11.261910985803592,1013
2015-03-25,29.899324950873527,79.79864990174705,11.211591920597646,1013
2015-03-26,29.922222094179325,79.84444418835865,11.351928467710966,1013
2015-03-27,29.94217906893952,79.88435813787905,14.442572157862843,1013
2015-03-28,29.95918996147179,79.91837992294359,14.448637734733492,1013
2015-03-29,29.973249731081555,79.9464994621631,10.502857827352072,1013
2015-03-30,29.98435421155564,79.96870842311128,11.24495952221087,1013
2015-03-31,29.992500112396833,79.98500022479367,13.766601489985554,1013
2015-04-01,29.997685019798908,79.99537003959782,11.017919205203102,1013
2015-04-02,29.999907397361902,79.9998147947238,10.22823835091208,1013
2015-04-03,29.99916658654738,79.99833317309475,10.142430762339384,1013
2015-04-04,29.995462806873572,79.99092561374715,10.093083418413572,1013
2015-04-05,29.988797155850335,79.97759431170067,10.211423944912825,1013
2015-04-06,29.97917160865392,79.95834321730784,10.007466912042545,1013
2015-04-07,29.9665890175417,79.9331780350834,13.78418633036063,1013
2015-04-08,29.951053111006978,79.90210622201396,14.7430295082765,1013
2015-04-09,29.932568492674143,79.86513698534829,12.430450292966102,1013
2015-04-10,29.911140639934548,79.82228127986909,14.936533174633462,1013
2015-04-11,29.886775902323407,79.77355180464681,11.89416641841199,1013
2015-04-12,29.859481499638306,79.71896299927661,13.092143231345972,1013
2015-04-13,29.829265519799822,79.65853103959964,12.85073419348286,1013
2015-04-14,29.796136916454902,79.5922738329098,11.751326483123464,1013
2015-04-15,29.760105506323683,79.52021101264737,11.857823531539154,1013
2015-04-16,29.721181966290615,79.44236393258123,11.916853746386467,1013
2015-04-17,29.67937783024064,79.35875566048128,14.278648081275666,1013
2015-04-18,29.63470548564149,79.26941097128298,13.784346944958378,1013
2015-04-19,29.58717816987297,79.17435633974594,14.715124779038147,1013
2015-04-20,29.53680996630446,79.07361993260892,10.566952661674987,1013
2015-04-21,29.48361580012171,78.96723160024342,11.381928855390687,1013
2015-04-22,29.427611433904204,78.85522286780841,12.802178905056289,1013
2015-04-23,29.36881346295432,78.73762692590864,12.459590312265108,1013
2015-04-24,29.307239310379792,78.61447862075958,14.234112157596691,1013
2015-04-25,29.24290722193093,78.48581444386187,11.207564941199472,1013
2015-04-26,29.175836260593936,78.35167252118788,13.600722060119928,1013
2015-04-27,29.10604630094217,78.21209260188434,13.995523501066398,1013
2015-04-28,29.03355802324684,78.06711604649368,10.883516297485146,1013
2015-04-29,28.958392907349086,77.91678581469817,13.651381967300821,1013
2015-04-30,28.880573226294935,77.76114645258987,12.342459305986411,1013
2015-05-01,28.80012203973536,77.60024407947071,14.14640032453476,1013
2015-05-02,28.717063187093217,77.43412637418643,13.528498718292845,1013
2015-05-03,28.631421280499115,77.26284256099822,14.703430039397904,1013
2015-05-04,28.543221697498275,77.08644339499655,10.412125698748888,1013
2015-05-05,28.45249057353063,76.90498114706125,12.78086729870264,1013
2015-05-06,28.35925479418637,76.71850958837274,12.822561435110027,1013
2015-05-07,28.263541987239098,76.52708397447819,10.351270643768586,1013
2015-05-08,28.165380514459166,76.33076102891833,11.449268200027976,1013
2015-05-09,28.064799463209447,76.1295989264189,11.115243480518927,1013
2015-05-10,27.96182863782616,75.92365727565232,10.091398091646555,1013
2015-05-11,27.856498550787148,75.7129971015743,10.158655738930543,1013
2015-05-12,27.748840413670415,75.49768082734083,12.686780475581875,1013
2015-05-13,27.63888612790543,75.27777225581086,10.820035575747632,1013
2015-05-14,27.526668275320088,75.05333655064018,13.62017230567855,1013
2015-05-15,27.412220108485965,74.82444021697194,12.467929389908885,1013
2015-05-16,27.295575540864874,74.59115108172975,11.069608340341073,1013
2015-05-17,27.176769136759624,74.35353827351925,12.878570117665074,1013
2015-05-18,27.055836101071787,74.11167220214358,12.927273531192002,1013
2015-05-19,26.93281226886979,73.86562453773958,12.675363741738465,1013
2015-05-20,26.807734094770165,73.61546818954034,14.581662165519024,1013
2015-05-21,26.680638642135342,73.36127728427068,10.717192474621656,1013
2015-05-22,26.551563572090863,73.10312714418173,13.809953900673221,1013
2015-05-23,26.420547132365652,72.84109426473131,11.56570623149235,1013
2015-05-24,26.287628145958337,72.57525629191667,11.288726705677512,1013
2015-05-25,26.152845999633286,72.30569199926657,14.13415645044294,1013
2015-05-26,26.01624063224924,72.03248126449849,11.665837376341734,1013
2015-05-27,25.87785252292472,71.75570504584944,12.883488407914516,1013
2015-05-28,25.737722679043245,71.47544535808649,10.310065931052666,1013
2015-05-29,25.59589262410178,71.19178524820356,13.527373772173188,1013
2015-05-30,25.452404385406528,70.90480877081306,10.398039729371026,1013
2015-05-31,25.307300481619325,70.61460096323864,12.339905122782293,1013
2015-06-01,25.160623910158524,70.32124782031705,10.27915396641776,1013
2015-06-02,25.012418134457757,70.02483626891552,14.358652852802985,1013
2015-06-03,24.862727071086923,69.72545414217385,11.780287971881311,1013
2015-06-04,24.711595076738632,69.42319015347726,10.358828274571522,1013
2015-06-05,24.559066935084587,69.11813387016917,13.848510562469063,1013
2015-06-06,24.405187843504955,68.81037568700991,11.862192943973875,1013
2015-06-07,24.250003399695533,68.50000679939107,10.183129800883615,1013
2015-06-08,24.093559588156214,68.18711917631242,10.8637638084133,1013
2015-06-09,23.935902766564674,67.87180553312935,13.001444514888147,1013
2015-06-10,23.777079652039657,67.55415930407932,12.198431765029456,1013
2015-06-11,23.61713730729767,67.23427461459535,13.427561836929627,1013
2015-06-12,23.456123126707336,66.91224625341466,12.074323733226224,1013
2015-06-13,23.29408482224531,66.58816964449062,14.963438006505307,1013
2015-06-14,23.13107040935828,66.26214081871656,13.458705343709326,1013
2015-06-15,22.967128192734904,65.93425638546981,13.524997841464717,1013
2015-06-16,22.80230675199217,65.60461350398434,11.332911933040753,1013
2015-06-17,22.636654927280084,65.27330985456017,13.102850546511167,1013
2015-06-18,22.470221804809356,64.94044360961871,12.001676027359153,1013
2015-06-19,22.303056702306126,64.60611340461226,14.34027973925348,1013
2015-06-20,22.13520915439797,64.27041830879594,10.994023440213267,1013
2015-06-21,21.966728897935777,63.933457795871554,14.991779281153743,1013
2015-06-22,21.797665857255623,63.595331714511246,10.48427248033234,1013
2015-06-23,21.628070129385176,63.25614025877035,10.79388435559438,1013
2015-06-24,21.45799196919876,62.91598393839752,12.52374278496655,1013
2015-06-25,21.287481774525826,62.57496354905165,14.453979422934921,1013
2015-06-26,21.11659007121695,62.2331801424339,13.645683230001737,1013
2015-06-27,20.945367498172004,61.89073499634401,10.0903852426196,1013
2015-06-28,20.77386479233465,61.5477295846693,10.819248966051767,1013
2015-06-29,20.602132773657917,61.204265547315835,10.44897217050329,1013
2015-06-30,20.430222330045314,60.86044466009063,10.838453268687989,1013
2015-07-01,20.258184402271343,60.51636880454269,12.772522125255875,1013
2015-07-02,20.086069968886907,60.172139937773814,12.61422530694668,1013
2015-07-03,19.913930031113107,59.827860062226215,13.697830799140839,1013
2015-07-04,19.741815597728667,59.483631195457335,14.090001009853923,1013
2015-07-05,19.569777669954714,59.13955533990943,14.165037616642586,1013
2015-07-06,19.397867226342093,58.79573445268419,14.050020951703054,1013
2015-07-07,19.226135207665365,58.45227041533073,11.651815076545141,1013
2015-07-08,19.054632501828006,58.10926500365601,14.443839574937613,1013
2015-07-09,18.88340992878306,57.76681985756612,12.961143086205302,1013
2015-07-10,18.712518225474184,57.42503645094837,10.393475329059466,1013
2015-07-11,18.542008030801252,57.084016061602505,11.86561577045832,1013
2015-07-12,18.371929870614835,56.74385974122967,12.709649984322436,1013
2015-07-13,18.202334142744387,56.404668285488775,13.478623191571673,1013
2015-07-14,18.033271102064234,56.06654220412847,13.20289677646959,1013
2015-07-15,17.86479084560204,55.72958169120408,11.348894998820771,1013
2015-07-16,17.696943297693885,55.39388659538777,14.936797750376098,1013
2015-07-17,17.529778195190655,55.05955639038131,13.993234382877768,1013
2015-07-18,17.363345072719927,54.72669014543985,11.615844171284058,1013
2015-07-19,17.197693248007845,54.39538649601569,12.155520506103827,1013
2015-07-20,17.03287180726511,54.06574361453022,13.377880002263588,1013
2015-07-21,16.868929590641716,53.73785918128343,12.986765133672389,1013
2015-07-22,16.705915177754687,53.41183035550937,10.416498916285002,1013
2015-07-23,16.54387687329266,53.08775374658532,11.23850881501004,1013
2015-07-24,16.382862692702354,52.76572538540471,11.470681940317458,1013
2015-07-25,16.222920347960354,52.44584069592071,12.828845665723064,1013
2015-07-26,16.06409723343534,52.12819446687068,10.961349763278513,1013
2015-07-27,15.906440411843796,51.81288082368759,11.435587492999304,1013
2015-07-28,15.749996600304478,51.499993200608955,12.714467328172887,1013
2015-07-29,15.59481215649504,51.18962431299008,10.788491107141379,1013
2015-07-30,15.440933064915406,50.88186612983081,11.219890179606793,1013
2015-07-31,15.28840492326136,50.57680984652272,13.271506471145926,1013
2015-08-01,15.137272928913102,50.274545857826205,12.812416716399907,1013
2015-08-02,14.987581865542252,49.97516373108451,12.048256363437627,1013
2015-08-03,14.839376089841485,49.678752179682974,14.373018928616213,1013
2015-08-04,14.692699518380685,49.38539903676137,11.056224196576645,1013
2015-08-05,14.547595614593481,49.095191229186966,12.94359438851269,1013
2015-08-06,14.40410737589823,48.808214751796456,11.45318792192087,1013
2015-08-07,14.262277320956754,48.52455464191351,14.310512447649325,1013
2015-08-08,14.122147477075274,48.24429495415055,11.757292210854606,1013
2015-08-09,13.983759367750785,47.96751873550157,13.016196608905481,1013
2015-08-10,13.847154000366737,47.69430800073347,10.171624631823784,1013
2015-08-11,13.712371854041674,47.42474370808335,14.218708215322623,1013
2015-08-12,13.579452867634357,47.15890573526872,13.5792257221059,1013
2015-08-13,13.448436427909147,46.896872855818295,12.436792285472718,1013
2015-08-14,13.319361357864668,46.63872271572934,10.92406187296675,1013
2015-08-15,13.192265905229844,46.38453181045969,12.397201538140717,1013
2015-08-16,13.067187731130236,46.13437546226047,13.579586047738648,1013
2015-08-17,12.944163898928235,45.88832779785647,12.800166763620213,1013
2015-08-18,12.823230863240397,45.646461726480794,10.645014988520709,1013
2015-08-19,12.704424459135145,45.408848918270294,14.743179337870549,1013
2015-08-20,12.587779891514042,45.175559783028085,14.2780234654665,1013
2015-08-21,12.47333172467992,44.94666344935984,13.828948421995534,1013
2015-08-22,12.361113872094581,44.72222774418916,12.611963528247227,1013
2015-08-23,12.251159586329582,44.50231917265916,10.174246453127914,1013
2015-08-24,12.143501449212849,44.2870028984257,11.81768149572201,1013
2015-08-25,12.038171362173859,44.07634272434772,12.634324709059156,1013
2015-08-26,11.935200536790573,43.87040107358115,11.58152917818292,1013
2015-08-27,11.834619485540841,43.66923897108168,14.673860264904713,1013
2015-08-28,11.73645801276091,43.47291602552182,10.753433243983356,1013
2015-08-29,11.640745205813637,43.281490411627274,14.736068750091421,1013
2015-08-30,11.54750942646936,43.09501885293872,12.473112175447664,1013
2015-08-31,11.456778302501725,42.91355660500345,14.43876404965449,1013
2015-09-01,11.368578719500883,42.73715743900176,12.269137812507386,1013
2015-09-02,11.282936812906781,42.565873625813566,11.6061187317538,1013
2015-09-03,11.199877960264645,42.39975592052929,14.003524596117888,1013
2015-09-04,11.119426773705072,42.238853547410145,13.233167778566571,1013
2015-09-05,11.041607092650917,42.083214185301834,10.161110240085517,1013
2015-09-06,10.966441976753163,41.93288395350633,10.369910611722144,1013
2015-09-07,10.893953699057834,41.787907398115664,14.232363820459705,1013
2015-09-08,10.82416373940606,41.64832747881212,10.725819480526898,1013
2015-09-09,10.757092778069067,41.51418555613813,10.442261977027854,1013
2015-09-10,10.692760689620208,41.385521379240416,11.307775841214877,1013
2015-09-11,10.63118653704569,41.26237307409138,12.659909876901096,1013
2015-09-12,10.572388566095798,41.14477713219159,11.553959424258473,1013
2015-09-13,10.516384199878292,41.032768399756584,11.379416142232571,1013
2015-09-14,10.463190033695541,40.92638006739108,14.033982400459905,1013
2015-09-15,10.412821830127035,40.82564366025407,14.32155444356571,1013
2015-09-16,10.365294514358514,40.73058902871703,13.539116929646127,1013
2015-09-17,10.32062216975936,40.64124433951872,11.515209375648354,1013
2015-09-18,10.278818033709388,40.55763606741878,14.972626196133138,1013
2015-09-19,10.23989449367632,40.47978898735264,12.126310059586547,1013
2015-09-20,10.203863083545105,40.40772616709021,10.807147795676538,1013
2015-09-21,10.170734480200176,40.34146896040035,10.130562678833973,1013
2015-09-22,10.140518500361695,40.28103700072339,14.50172093952675,1013
2015-09-23,10.113224097676596,40.22644819535319,13.631106464835689,1013
2015-09-24,10.088859360065454,40.17771872013091,13.482159652912358,1013
2015-09-25,10.067431507325855,40.134863014651714,14.564262300330636,1013
2015-09-26,10.048946888993026,40.09789377798605,12.771051088615135,1013
2015-09-27,10.033410982458301,40.0668219649166,12.669746310828362,1013
